anchor,memberships,category,cluster,rgb_permutation,pc1,pc2,pc3,pc4,pc5,pc6,pc7,pc8,pc9,pc10,pc11,pc12
core:nova,core:nova,core,1,210,1.4134759024,-2.73252229588,0.291642120467,-1.22501303125,0.803512076453,0.382487560017,0.337186115468,-0.202372793781,0.348352832479,-0.660161787683,0.0724012523277,0.44810039858
core:swirls,core:swirls,core,1,210,0.141595720732,-2.58788742681,0.169754233003,-1.0378980589,0.85216842789,0.397751985689,0.236967130673,-0.432943142407,0.48612300918,-1.12238286945,0.186636721015,0.449635975738
core:cells,core:cells;curated:027;shared:027,core,1,012,2.54084272191,-2.42351635525,-0.177165224259,-0.00684938599054,-0.260317979669,0.558640373605,0.161177077921,-0.0699032385173,0.271401568251,0.288731792386,-0.20427787047,0.0525089854899
core:toxic-goo,core:toxic-goo;curated:025;shared:025,core,1,021,1.98479995648,-1.38692151275,1.75757700729,0.724270431945,2.22658352459,0.381273344368,0.848736746839,0.689708763001,0.00380159263353,0.370179695736,-0.101209888612,0.0395386158469
core:fire,core:fire,core,1,021,0.19251319117,-1.77544576317,1.45752328629,-1.73555644644,-0.355292792875,0.287248050604,0.678277715617,0.0765377541232,0.156284092933,0.585427701458,-0.0195092980927,0.367291916706
core:undulating,core:undulating;curated:024;shared:024,core,2,210,-19.0392434902,0.681460265242,-0.614934911539,0.597078890408,0.659483879596,0.927301013122,0.433527139044,-0.891232543002,0.402745444174,0.111845504229,-0.356725943587,-0.0356511845121
core:cross-fractal,core:cross-fractal;curated:023;shared:023,core,1,021,1.69151990902,-2.22610415196,0.904879821704,-1.57324002527,0.514805430757,0.151259386209,-0.159897204964,-0.262931086969,0.360027683607,0.132892135842,-0.0335296642093,-0.0239316739775
curated:001,curated:001;shared:001,curated,1,021,2.34646803719,-1.30115776241,1.54116954014,1.29385251067,1.805055585,0.454730337873,0.745184377573,0.600317167951,0.0250938776557,0.390893320056,-0.128911335152,0.00491574034578
curated:002,curated:002;shared:002,curated,1,021,-0.150256833205,-1.1965194905,2.16476951241,-1.26914010511,-0.255566513169,0.251547351894,0.885278025221,0.208344090372,0.0745878232118,0.72465152753,0.00756511611069,0.327977174058
curated:003,curated:003;shared:003,curated,2,210,-18.7600149637,0.555234679811,-0.616832800183,0.600100973126,0.643374925517,0.389810740857,0.493412465023,-0.782976988199,0.451134237183,0.062881499,-0.368244589128,-0.00994592821547
curated:004,curated:004;shared:004,curated,1,021,1.6915214319,-2.22607833127,0.904921360127,-1.57325587044,0.514791853212,0.151243723512,-0.159928307903,-0.262960643412,0.360030964246,0.13288090425,-0.0335256045408,-0.0239347482878
curated:005,curated:005;shared:005,curated,1,021,1.73347088775,-1.78423055188,1.59319299272,-1.75350043804,0.32946972528,-0.0938985073424,-0.638726596106,-0.717868313578,0.404195463396,-0.0418397845162,0.0295710486693,-0.0728648085455
curated:006,curated:006;shared:006,curated,1,021,1.83932182813,-1.34359322603,2.18876814022,-1.56703115146,0.334085485127,-0.246188860158,-0.900913500587,-0.966597260684,0.399996807433,-0.145674119872,0.0668191425605,-0.106842787817
curated:007,curated:007;shared:007,curated,1,021,2.01288908344,-1.13700977291,2.29217306661,-0.770575311136,0.703002695679,-0.139117929501,-0.606995447882,-0.686441547416,0.304627359323,-0.0580392536841,0.0345717397871,-0.0940836451053
curated:008,curated:008;shared:008,curated,1,021,2.32809422224,-1.29364346079,1.55260720797,1.28485167546,1.79253843543,0.453280955403,0.748137200619,0.599212061167,0.0245256861158,0.394568380511,-0.127758121567,0.00669627909732
curated:009,curated:009;shared:009,curated,2,210,-12.4572809513,-2.07718883226,-0.621917895007,0.592612426966,0.324781348505,-10.3421479962,1.68277693303,1.41270966075,1.41191437951,-0.906405739521,-0.588686333695,0.504287094812
curated:010,curated:010;shared:010,curated,1,021,2.15941618388,-1.15336451501,2.04495144453,0.127376676669,1.16819349797,0.0961011167379,-0.0590409122663,-0.166599907166,0.184674647784,0.123104733996,-0.03039866296,-0.0549661651751
curated:011,curated:011;shared:011,curated,1,021,3.27521599242,2.65853581936,6.15096166927,9.40922340944,5.87494227423,0.229309280073,1.05514079957,0.663124418207,-0.765829548975,0.98315209402,0.384604205097,0.935839867584
curated:012,curated:012;shared:012,curated,1,210,4.84151473631,-1.74889082789,-1.50506551702,3.70496402322,-2.97946050712,1.09903447234,-1.24054679089,0.0782250910186,0.18813860582,0.529439604521,-0.0828182086331,0.142023466157
curated:013,curated:013;shared:013,curated,1,021,5.76236070231,8.36341262575,-9.37400187204,-0.389797832206,3.16475891139,-1.18198983188,-0.759237833052,-2.33344582586,0.377917031944,1.19514148045,1.43117692394,0.795280750144
curated:015,curated:015;shared:015,curated,1,021,5.29154963772,7.09649715035,-8.26197286725,-0.492729519603,2.8956478569,-1.01393213511,-0.591660560503,-2.1220264365,0.381007149181,1.13679445209,1.20200528203,0.72637420137
curated:016,curated:016;shared:016,curated,1,021,2.13891751643,-1.53920275255,-0.784563308934,-1.09695080019,1.07017404088,-0.0288664300938,0.0856636343929,-0.419283804859,0.387766586264,1.50641503544,0.556965945503,-0.154511869755
curated:017,curated:017;shared:017,curated,1,021,3.13860273483,1.21269005278,-2.97840131958,-0.753338672276,1.48549623509,-0.28969229824,0.156733495524,-0.596932719529,0.22032944219,0.979521859142,0.998119120782,-0.484441357824
curated:018,curated:018;shared:018,curated,1,021,2.83251795195,0.224500301442,-2.27764195616,-0.821219856917,1.33974864524,-0.257427033287,0.472648193312,-0.878563266225,0.119201698644,1.34883903562,0.857661908816,-0.0324970764249
curated:019,curated:019;shared:019,curated,1,210,0.285723060367,-2.6603614816,0.160517108168,-1.09486728114,0.752691420549,0.424768597672,0.334609834088,-0.475745912239,0.516031157866,-1.08127862974,-0.0267743545299,0.469107320481
curated:021,curated:021;shared:021,curated,1,021,1.6731388472,-2.02265125182,1.03591743558,-1.67719483844,0.342296109739,0.226901492701,-0.647092971065,0.427385102718,0.282315950578,-0.548973938128,-0.102275582538,-0.0989214316706
curated:022,curated:022;shared:022,curated,1,021,1.59536426872,-2.20903642523,0.958510059352,-1.54803551383,0.40010618241,0.112844887378,-1.11141488967,0.419821620819,0.656954188675,0.267610784386,0.920366117771,-0.711635805501
curated:028,curated:028;shared:028,curated,1,120,5.97272638011,-1.51352608557,-2.27742656121,5.42972571994,-4.56242784331,1.43043375572,-1.37152403079,-0.177585086747,0.192001374757,0.0247448672506,0.123904642858,0.469956841626
curated:029,curated:029;shared:029,curated,1,012,4.99737625444,-1.60306038052,-1.63666141421,4.16493417156,-2.63748733087,1.01631077203,-0.516592208309,-0.610832064117,0.254713682499,0.341679767115,-0.113427318134,0.243508975418
shared:030,shared:030,shared,1,210,-2.51938061031,-2.04815406365,-1.35704035504,3.15977217845,-2.54360516198,-2.36252479968,-0.268055527085,-0.81237701598,1.20987008181,0.491880167435,-0.255997555201,-0.129826782203
shared:031,shared:031,shared,1,021,2.84207451156,0.101069412896,-0.370431627954,0.807253538345,1.71694871379,-0.0534120511613,0.317114589628,-0.129233945492,-0.194968916764,0.957753658437,-0.157240876017,0.0782151182684
shared:032,shared:032,shared,1,021,2.7898601604,0.0787787089516,-1.75187036941,-0.475427525233,1.29860204058,0.0224782232989,0.440406880872,-0.666761592537,0.174499423743,0.622787793423,0.581247029568,-0.549654805973
shared:033,shared:033,shared,1,210,-4.96711983192,-2.297719112,-0.312323372498,-0.29891614115,0.620586324053,-5.38716470531,1.10038815937,0.951573534625,1.14026875831,-0.444579238919,-0.308723234844,0.389610207714
shared:034,shared:034,shared,1,021,2.79718046053,0.0855011559845,-1.5976343231,-0.330111767693,1.34629236408,0.0133613465866,0.423405455939,-0.604065077626,0.13223527996,0.663700881388,0.492516316971,-0.473125695079
shared:035,shared:035,shared,2,021,-10.767454828,4.69556897683,9.46074494928,-4.58886325985,-8.35652419258,-0.550021580574,2.7786427766,-0.562069317103,-0.33960533909,3.24364125757,0.689433037896,1.44148623574
shared:036,shared:036,shared,1,210,-0.2598082282,-1.86295240666,-1.40461946203,3.51848534358,-2.87412974605,-1.38338985474,-0.632167861217,-0.530196594548,0.892779296232,0.460586447965,-0.173954655923,-0.168854221036
shared:037,shared:037,shared,1,210,1.4376246239,-2.733280397,0.26459511069,-1.1976815071,0.781397965318,0.392617675537,0.34814754291,-0.192497085034,0.306379512898,-0.655779409809,0.0926281242431,0.438825854924
shared:038,shared:038,shared,1,021,2.0321716118,0.110551090854,4.52490527327,-1.87771338815,-0.0712200647387,-1.0357762531,-2.35824337863,-2.37293559881,0.545072718548,-0.73058566477,0.175225111794,-0.0116647337729
shared:039,shared:039,shared,1,021,2.07162806958,0.134557679115,4.48736859223,-1.67854323841,0.0201421045826,-0.991517241835,-2.2659717428,-2.26823977094,0.529230719916,-0.689364791064,0.195672753836,-0.0371388748374
shared:040,shared:040,shared,1,021,1.48387175893,-1.41766090557,1.94893500334,-1.02390470729,0.43665809356,-0.00476842064942,-0.122653317079,-0.515308558696,0.275566478253,0.214962058186,0.0838718903903,-0.0905794119566
shared:041,shared:041,shared,1,210,0.490432870576,-2.94899102504,-0.164729125967,-0.919162521794,0.629862139509,-1.51419244758,0.30540057575,-0.193508350583,-0.289711439006,-1.06732199112,-0.0186287491478,0.120612748302
shared:042,shared:042,shared,1,021,2.8427891039,0.50093314092,-1.88654787929,-0.315835633803,1.25822252923,-0.083093834153,0.480999211765,-0.845776075811,0.105413971838,0.558429522576,0.431046243833,-0.380325979006
shared:043,shared:043,shared,1,021,3.52860573961,1.27953552531,-2.57165413751,0.138811967097,0.894473067879,-0.166459724642,0.692301767058,-1.18839496779,-0.0846438537438,0.465890436562,0.318734416428,-0.363125556441
shared:044,shared:044,shared,1,021,2.2486617415,-1.24302257123,-0.680530762823,-0.911690633823,0.587956114278,0.369029326923,-0.112518504383,0.894358050813,0.122585463537,-0.0869179868351,-0.10746606911,-0.282580898968
shared:045,shared:045,shared,1,021,4.01478905099,2.59900835698,-3.72294011998,0.410291171119,0.627171283133,0.0284719412394,-0.0103500418151,0.795093759798,-0.190649803276,-0.37442091439,0.00915325229724,-0.733126314809
shared:046,shared:046,shared,1,021,2.14803853563,-1.60018457803,-0.586493964353,-0.873674964933,0.855802256517,0.17237465764,0.569526867359,-0.443825520615,0.476108903371,0.737774385283,-0.101405570311,-0.217782728395
shared:047,shared:047,shared,1,021,3.13252237486,0.780275917354,-2.285476033,-0.22380711095,0.809143066764,0.136293753642,0.766016889233,-0.29306103583,0.37923920324,-0.052679768536,-0.862671220706,-0.109659313611
shared:048,shared:048,shared,1,021,4.15404377556,3.21358679119,-3.93942083104,0.444037300056,0.53227944196,0.204776292669,0.11085225209,1.19784485448,0.109380324769,-1.21419550516,-0.628905834611,-0.543951694806
shared:049,shared:049,shared,1,021,0.122563829681,4.16353271579,-0.83868481832,-0.625091791079,-1.79292810195,0.132379429059,0.705315123343,1.06592090369,-0.0582858308109,-0.525793412152,-0.307753842452,0.00762808475609
shared:050,shared:050,shared,1,021,0.153316291699,4.1402418263,-0.83343571924,-0.621325012658,-1.76957325477,0.122905658157,0.682831854093,1.05348744705,-0.0549645991268,-0.526083701014,-0.314551867182,0.00701144865883
shared:051,shared:051,shared,1,021,0.253248255968,4.26829895362,-0.40430412403,0.0319755221462,-1.3796489505,0.133224748216,0.739109549239,1.01899080796,-0.032550262619,-0.359842214298,-0.215257269563,0.102192287015
shared:052,shared:052,shared,1,021,0.254608901681,4.26309190262,-0.404035204048,0.0309150459582,-1.37786392021,0.132402285388,0.739709854565,1.01856382891,-0.0325855205448,-0.359707819254,-0.214706885169,0.102036871191
shared:053,shared:053,shared,1,021,0.257708236893,4.25041357596,-0.403550608136,0.0295947151508,-1.37353145388,0.131193333101,0.740902893123,1.01761601723,-0.031943470395,-0.360322087708,-0.21464948784,0.102929717406
shared:054,shared:054,shared,1,021,0.287351386712,4.31132232161,-0.123730091347,-0.114744830306,-1.44336682138,0.000185173225515,0.489131891626,0.806364847733,0.00674278701515,-0.463916589874,-0.167745439171,0.0854990977208
shared:055,shared:055,shared,1,021,1.86347597177,1.97011217219,-0.368661644069,0.0444350967116,-0.178672002156,-0.104965942691,0.301805837803,0.479142396279,0.500121052745,-0.623574839563,-0.614851377475,-0.102403880368
shared:058,shared:058,shared,1,021,1.79045655153,-2.08429844837,0.910439466166,-0.67150521327,1.15604940189,0.354531376439,0.387320900226,0.392525615892,0.159635076975,0.106167251219,-0.206724035367,-0.0590686751707
shared:059,shared:059,shared,1,021,1.80901724355,-2.03165110611,0.946552646587,-0.609369203563,1.21250733164,0.332657996275,0.464130942066,0.289114477008,0.15706094579,0.149312753923,-0.256927483549,-0.0502793847723
shared:060,shared:060,shared,1,021,1.91361470581,-1.56046294094,1.51202048156,0.00868850340651,1.66810320865,0.274373661181,0.531504432746,0.358591320664,0.0914625045238,0.156687430681,-0.214408498111,-0.0505868514767
shared:061,shared:061,shared,1,021,0.138893028914,4.1636420913,-0.693726075616,-0.606525742941,-1.75634594448,0.11873241843,0.662559290051,1.03556762094,-0.0710534206665,-0.541918310104,-0.312973291401,0.0156943891767
shared:062,shared:062,shared,1,021,0.913032243072,3.52200046685,0.130370091435,0.552480881693,-0.524140004334,0.00595914035827,0.649134287704,1.01232176729,0.206352964737,-0.267579230105,-0.16015236764,-0.295746433868
shared:063,shared:063,shared,1,021,1.40987619913,2.4310387379,1.22569694928,0.0675426220813,-0.366263708154,-0.142796690462,-0.0981153630052,0.415376146356,0.348994046387,-0.151916374797,-0.328010952533,-0.190816635244
shared:064,shared:064,shared,1,021,1.41093704745,2.37822795023,1.20929767036,0.0408627616821,-0.346206169791,-0.140273265157,-0.117164305491,0.421502663167,0.351015143848,-0.142958621242,-0.353748268116,-0.197821728509
shared:065,shared:065,shared,1,021,0.666748271517,2.79750882578,1.40816256089,-0.0581706106904,-0.881735957385,0.00144981931432,-0.130519832143,0.3460131461,0.160189195184,-0.0772843700107,-0.289622907827,-0.138245011796
shared:066,shared:066,shared,1,021,0.951980379551,1.7817163916,0.993732288304,-0.186771505786,-0.48835624601,0.0402740276724,-0.0441690820152,0.502004980551,0.1305249915,0.0297279391877,-0.270095709124,-0.181783557392
shared:067,shared:067,shared,1,021,2.54803137683,2.75105805911,7.1957907455,2.43240845038,1.86186363701,-1.44295716536,-2.81886535778,-2.33142273768,0.181249653892,-0.644182801142,1.05669697226,-0.15575943201
shared:068,shared:068,shared,1,021,3.09715653673,2.71833695399,-0.159071285318,0.253310164163,0.0330781492418,-0.541354465554,-0.443167944906,-1.33802056987,-0.0979406938237,0.404532315198,1.21579781252,-0.185115577662
shared:069,shared:069,shared,1,021,0.361186657758,4.17751730542,-0.416794131736,0.0266236408108,-1.35927955609,0.100517420787,0.648411330854,0.99765683588,-0.0630702517581,-0.370237536227,-0.220732269877,0.117465253522
shared:070,shared:070,shared,1,021,0.411424684163,4.37201338559,0.407822515112,-0.373558625877,-1.52809413243,-0.162971838716,0.0391106224392,0.412903226532,0.00670390796373,-0.56066106708,-0.149552050423,0.0406370754924
shared:071,shared:071,shared,1,021,-0.0851827034168,4.13646194714,-0.354549944768,-0.843728465665,-1.84502082555,0.0983450389787,0.513199774374,0.913427950613,0.23200671585,-0.509965104919,-0.151244496157,-0.104197407918
shared:072,shared:072,shared,1,210,-1.40673968732,-2.91932549339,-1.05139491684,2.48273864495,-2.11756580893,-7.10075339207,0.666498119164,0.115530278382,1.41042033572,-0.262081593735,-0.483729764594,0.38086198809
shared:073,shared:073,shared,1,021,1.66375020862,2.62096216543,-2.15493574618,-1.04100800356,0.0368037977102,-0.261289904971,0.151856494753,0.413329902692,0.0279219701055,-0.274341969058,0.251735043439,-0.389578044856
shared:074,shared:074,shared,1,021,0.919709031088,2.6092854737,-1.39863541667,-1.03295097712,-0.525807376423,-0.0195869634026,-0.0527259364208,0.468487469726,-0.213962297031,-0.328413091221,0.281227810868,-0.124863513976
shared:075,shared:075,shared,1,021,2.70766894188,-0.445737675489,-0.287946253735,-0.0557159898419,0.875445545341,0.230882428519,-0.0336857397955,0.755925540665,-0.0816706102268,0.158977032265,-0.113786916488,-0.241574098128
shared:078,shared:078,shared,1,021,3.55558329744,4.6071876773,9.22779750084,9.24494090361,7.72312601889,-0.117630072082,1.28216415634,1.52155710613,-0.938732529651,-0.538835055156,0.840481107888,0.283688217157
shared:079,shared:079,shared,2,210,-19.0368747633,0.680505171723,-0.614640697918,0.597618568135,0.660266174351,0.926000321168,0.433459869812,-0.891625878805,0.403213562313,0.110927204531,-0.356645481897,-0.0356671134823
shared:080,shared:080,shared,1,021,3.92175066432,0.20068337968,-1.12525345196,1.50632124124,-1.91533582897,0.712874119126,-0.7675233472,0.0649370965331,0.819533224929,-0.4745080102,-2.05176355245,-0.275846148161
shared:081,shared:081,shared,1,021,2.29408124005,1.14174354814,-1.90149447862,-0.78502981092,0.620979120989,-0.277984189302,-0.397098088823,0.47714622083,-0.0101572738331,0.659775371971,0.405097541188,-0.137145604513
shared:082,shared:082,shared,1,021,0.800471787737,1.99580789426,-1.21114271094,-1.2668818028,-0.083713037998,-0.0427026912168,-0.155339640528,0.521690892656,-0.290696049267,-0.29974613857,0.0335494499856,-0.158229979243
shared:083,shared:083,shared,1,021,0.911823765945,2.10844499733,-1.24517720278,-1.17034388831,-0.0932937083511,0.00437352930263,-0.366557927866,0.61625428771,-0.402057161541,-0.160345198689,0.1101427189,0.0108170630564
shared:084,shared:084,shared,1,021,1.71740591293,0.478946479427,-1.45591122708,-0.851525853325,0.502898472369,-0.143597230469,-0.509211427737,0.863810490649,0.168139148098,0.595941171739,0.542050409174,-0.365303229763
shared:085,shared:085,shared,1,021,0.266490423968,3.75558654741,-1.91476319298,-0.750923577575,-1.25132415949,-0.158173160871,0.700865943503,0.535260038081,0.0914202469115,0.295160330648,0.545523704235,-0.110874956483
shared:086,shared:086,shared,1,021,1.79665196358,3.33239168783,-2.39452511458,-1.08057736358,-0.0525699768421,-0.241555450321,0.518930977223,0.324344563086,0.0188758826871,-0.216819523826,0.20201947078,-0.156445361962
shared:087,shared:087,shared,1,021,1.0000827047,2.76439142658,0.987293198265,-0.202961289905,-0.584223298419,-0.101347637361,-0.211595754032,0.50252681072,0.219000582551,0.0764018279142,-0.130453789864,0.0346549142865
shared:088,shared:088,shared,1,021,2.70683268313,-0.437234178946,-0.27071419065,-0.0639921270455,0.871217259499,0.224446367732,-0.0437308378548,0.74182890356,-0.0796853973574,0.155589083396,-0.114468652817,-0.2396622311
shared:089,shared:089,shared,1,021,2.80956399188,0.386848104973,-1.24795519159,-0.550630992889,0.983328394783,-0.0258223121756,0.119887268827,-0.10766372312,-0.309011394904,0.373153132251,0.34440898245,0.401268774719
shared:090,shared:090,shared,1,021,2.09688723414,0.8949190738,0.0425163175195,-0.427581822208,0.572183392569,-0.145295182925,0.136807211813,-0.218471527992,-0.226585891976,0.300253221289,0.0784266682496,0.611539064111
shared:091,shared:091,shared,1,021,2.00250275336,1.73457060482,-0.0295216873865,-0.383069618655,0.196846007318,-0.132759235386,0.0329336098258,-0.308659404885,-0.312952728971,0.0885523308315,0.0781899564573,0.606133949639
shared:092,shared:092,shared,1,021,1.77639690204,2.01172666944,-0.145674231281,-0.400641140329,0.0092814043028,-0.237465149845,-0.0699373811254,0.0170353728225,-0.19577572503,-0.143493283857,0.227747830358,0.540614862618
shared:093,shared:093,shared,1,021,0.165750291998,4.30916638882,-0.210562736458,0.0575182580312,-1.32297438728,0.0524902269841,0.527828809208,0.8894972021,-0.150217229728,-0.526545612145,-0.260745160345,-0.116509734187
shared:094,shared:094,shared,1,021,1.53567602618,3.02244049001,2.22533516555,0.385768890589,-0.525233493613,-0.231762243765,-0.696977403011,0.341504407972,0.0132289124866,-0.55477587474,0.156646404096,-0.305541221962
shared:095,shared:095,shared,1,021,1.59593048882,2.97407096857,2.28252289265,0.662513097803,-0.305070250808,-0.169788506208,-0.597233007842,0.36724368649,-0.0186331390261,-0.489866661386,0.0922813428068,-0.229145405455
shared:096,shared:096,shared,1,021,1.49017532806,2.05583613641,1.86150718,0.505191648908,-0.202941555858,-0.00877383264046,-0.402889785893,0.233487129804,-0.0300817917685,-0.141630040909,0.148248696966,-0.394096090886
shared:097,shared:097,shared,1,021,1.59643837218,1.74950433822,2.40579849293,0.434395163388,0.025762308192,-0.242797439306,-0.70952328554,-0.255008803277,0.101340506933,-0.133797107534,0.200284509569,-0.464112619797
shared:098,shared:098,shared,1,021,-1.79051880105,2.87336047354,4.38097038305,-0.554983221118,-2.03911336482,-0.294131756225,0.31009314184,-0.184010683646,0.0123205026552,0.729019547565,0.397507875715,-0.107199831884
shared:099,shared:099,shared,1,021,-1.52175682003,2.56791346501,3.97734163783,-0.526381102367,-1.84961473741,-0.264940554429,0.417920864544,-0.219100521488,0.0483533917077,0.646812407456,0.311335341642,-0.163347251637
shared:100,shared:100,shared,1,021,-1.07485182105,2.9681652231,4.61070704075,0.602367244548,-0.75850837401,-0.158527992744,0.763085256865,-0.0241993757349,-0.118964790492,0.620343001227,0.233873951929,-0.077184477908
shared:101,shared:101,shared,1,021,1.13197187762,3.8463017295,-0.880708804043,0.172065259613,-1.56097161569,0.502070110703,1.27146815414,0.647957601551,0.174740559681,-0.399679403499,-0.0466786287701,-1.10336866587
shared:102,shared:102,shared,1,021,1.10872809363,3.56060957863,-0.762722775708,0.100208030822,-1.51282641454,0.473537088008,1.08113178013,0.592852582545,0.144763046602,-0.260837430978,0.0869906861372,-0.986035920621
shared:103,shared:103,shared,1,021,2.68347719507,-0.405441626577,-0.284766765549,-0.0635147791987,0.739003016818,0.246531662798,0.0105012160482,0.798975918089,-0.0814812506582,0.0727430044845,-0.0965587271012,-0.258948105362
shared:104,shared:104,shared,1,021,2.06995591203,-1.38238095295,0.95298570267,-0.279043165869,1.04061703497,0.185711837695,0.370413185944,0.312490277623,0.148436712491,0.14637065105,0.0376234497279,-0.250173124056
shared:105,shared:105,shared,1,210,-0.125548049557,-2.15344716692,-1.44490331354,2.94408876246,-2.41632792293,-1.2579587437,-0.548908967823,-0.521253501578,0.174739497749,0.358883623305,-0.262195803809,-0.285414472031
shared:106,shared:106,shared,1,021,0.228824903329,0.402701375337,2.64610138651,-0.317136351878,-0.279385619509,-0.075327814044,-0.0950261741116,-0.535487561609,0.0647840580223,0.209048315265,-0.402783355904,-0.131699928703
shared:107,shared:107,shared,1,021,1.73657120875,-2.21906466383,0.258946646316,-1.30354516731,0.67582955179,0.427986680088,0.32820611471,0.153561733823,0.136597452835,0.120405181097,-0.465058115177,0.530106387517
shared:109,shared:109,shared,1,021,1.78535357623,-2.14567637898,0.344755281581,-1.13085255908,0.725641252471,0.452829853,0.367798890937,0.180770472951,0.0953978283518,0.141519399104,-0.468910202637,0.527302279656
shared:110,shared:110,shared,1,021,-1.15974101935,2.38867516473,3.5283745914,-0.162794803684,-1.96811326251,-0.323289697849,0.36585703301,-0.357143332614,0.153130595302,0.910825757775,0.184307358135,-0.144730716341
shared:111,shared:111,shared,1,021,2.30453333055,1.16799618688,-0.799826189066,-0.550294372158,0.230646634052,-0.0274379987901,0.267912990327,-0.615129875154,0.129836836275,0.785825210312,0.87949715634,-0.562960093217
shared:112,shared:112,shared,1,021,0.585312208568,0.156963100548,2.17021469865,-0.153179288876,-0.366133229785,0.178530819846,-0.000452330027926,-0.295265195928,0.0253240344349,-0.0501367453326,-0.588961897287,-0.304032923518
shared:113,shared:113,shared,1,021,0.639913522683,0.418784444825,2.71447018153,-0.354716100303,-0.531754331817,-0.0610609614895,-0.474828373727,-0.675975214968,0.0426564012568,-0.181018412269,-0.401901093418,-0.373188478668
shared:115,shared:115,shared,2,210,-19.1199313509,0.825771397195,-0.68280397403,0.603405481749,0.552073003658,1.0191040658,-0.308299010198,-0.136065447631,0.642268564414,0.0820420165588,-0.163906225699,-0.225788756054
shared:116,shared:116,shared,2,210,-18.8870564026,0.704250489689,-0.692348198614,0.566019130284,0.599258735959,0.820168703055,-0.330527903863,-0.150091078494,0.550009280225,0.0496690339085,-0.113747620984,-0.293923760478
shared:117,shared:117,shared,2,210,-20.1726685806,0.673474065721,-0.645463805875,0.744801623446,0.851724880043,1.25552110923,-0.214743030745,-0.401446233089,0.891817075606,0.118967322233,-0.304416324241,-0.0770751347784
shared:118,shared:118,shared,2,210,-19.9333185337,0.712883667408,-0.655184530337,0.712172005641,0.779144781668,1.19849148261,-0.235492823731,-0.339546481378,0.83099243174,0.109047343981,-0.270587784916,-0.113644332483
shared:119,shared:119,shared,1,021,0.915876640366,-2.17945363216,0.921577964394,-1.5433867958,0.176342277912,0.33534627844,0.556117846339,0.0951515510164,0.1886655641,0.424542337264,-0.0774289113529,0.287958248573
shared:120,shared:120,shared,1,210,1.39672094839,-2.75906105315,0.26186671602,-1.19531453993,0.793083458788,0.360555465937,0.33260998173,-0.184493917095,0.294367607946,-0.708151508879,0.0957806000595,0.44062671615
shared:121,shared:121,shared,2,210,-18.7102758341,0.618976547747,-0.63259149083,0.614119814228,0.637728867182,0.883698673355,0.403800474692,-0.876901858232,0.313061108751,0.0793723229129,-0.318282470828,-0.0574046636608
shared:122,shared:122,shared,2,210,-19.3567273508,0.724958330847,-0.67399145843,0.747650109871,0.506836949137,0.897709197286,0.322074287886,-0.905901112527,0.290666474184,0.0726223957548,-0.164809427902,-0.082412075174
shared:123,shared:123,shared,1,021,1.79953353261,-2.07196021188,0.893071616407,-0.670419916289,1.16884815203,0.335738416978,0.455461393819,0.274157585577,0.166812385615,0.162915776825,-0.269993650223,-0.0410107013715
shared:124,shared:124,shared,1,021,2.03309718317,-1.16159346024,1.80955436663,0.430575183076,2.03535142379,0.167678556774,0.641856968491,0.208964597492,0.0584527578002,0.37087383703,-0.147713682413,-0.0323951236002
shared:125,shared:125,shared,1,021,1.39218690071,1.78292634557,2.53070591303,0.47895925946,-0.0349146215184,-0.31964586188,-0.720614847035,-0.415878797553,0.085043649044,-0.18391455794,0.128902511577,-0.426045016729
shared:126,shared:126,shared,1,021,1.4233877445,-1.1296264427,-0.680103306084,-1.15538155868,0.57979361481,0.0973778240742,0.00824624314466,0.493086324784,-0.11213300277,0.260452747524,0.149935978002,0.165532801249
shared:127,shared:127,shared,1,021,1.40419382689,-1.08345106403,-0.694170772832,-1.1367833895,0.569972193712,0.0984436805603,0.0473138821355,0.493193974795,-0.121620566878,0.243521434387,0.140270451805,0.177057205395
shared:130,shared:130,shared,2,210,-11.5759257274,-0.532036600431,-0.890801166844,-0.120566570142,0.0953053233958,-0.121323284371,-0.500288284659,-0.522431524536,-3.25155117481,0.120063173396,-0.59681619606,-0.67471512628
shared:131,shared:131,shared,1,210,-7.85545292538,-1.09151032645,-1.01622804651,-0.439587827138,-0.598845983643,-0.974167856554,-0.445332126603,-0.602572075914,-4.18563196018,0.224328452798,-0.89477989274,-0.703258605419
shared:132,shared:132,shared,1,021,1.50863716086,2.6034699952,1.98991184085,0.118090276832,-0.237930788803,-0.104973069183,-0.871548228213,-0.268066565078,-0.198460555255,-0.174055098121,0.216597250435,-0.374203074459
shared:133,shared:133,shared,1,021,0.298511795092,5.15901347846,-0.31519162198,-0.441048961854,-0.0722473179513,-0.159945676112,0.0394231554559,-0.968944801738,-0.317943313553,-0.951762537753,-0.0961475757807,1.66921709882
shared:134,shared:134,shared,1,021,2.02849122491,1.7645954051,-0.0735888295682,-0.377142271853,0.224611545002,-0.153905469656,0.036875827655,-0.332825907015,-0.310363901172,0.10731257315,0.0973112900709,0.614947534853
shared:135,shared:135,shared,1,210,0.724972902565,-2.33970333477,-0.934662001022,1.85794178453,-1.67233151536,-0.838029326469,-0.329041219437,-0.0629983517805,-0.545004428665,-0.00378265231979,0.28283126654,-0.347892932576
shared:136,shared:136,shared,1,021,1.67975763932,1.81880187717,1.74598542817,0.374413951887,-0.267128415622,0.0248113727592,-0.564120647615,0.376709934024,0.0973850009598,-0.364558304572,-0.078089402333,-0.403349749432
shared:137,shared:137,shared,1,021,1.28348372309,-2.12470872102,0.149450810573,-0.613583011705,0.991124020196,0.571319681263,0.341406517197,-0.342701360711,0.163437211279,0.286303839396,-1.03856931353,1.57908141382
shared:139,shared:139,shared,1,021,1.19738734638,-1.70464145086,0.149858511598,-0.602364270763,0.887199999328,0.54430598917,0.357695690427,-0.144368741754,0.10960145823,0.142553161488,-1.037980218,1.54121657744
shared:140,shared:140,shared,2,210,-16.5136761259,0.425617676899,-0.645712424107,0.453693513099,0.585128209581,0.78582658138,-0.382886722689,-0.0763637274017,0.364437300165,-0.0124346911442,0.0388463300725,-0.356386926858
shared:141,shared:141,shared,1,210,-7.21983213485,-1.23425579636,-1.01725227949,-0.396644900613,-0.58121442004,-1.00084473837,-0.401304901898,-0.558578046866,-4.06090422183,0.155418886391,-0.783796346826,-0.687642062776
shared:142,shared:142,shared,1,210,2.20034633364,-2.54077436076,-0.100355507118,-0.241147648167,-0.00904531950946,0.511710679706,0.178793452133,-0.189301752101,0.258651333156,-0.232311512811,-0.0544726604938,0.319945468945
shared:143,shared:143,shared,1,021,1.42914661244,-0.969678748671,-0.669505378985,-1.10679498886,0.55633063761,0.0884298783821,0.0480157712283,0.459501657154,-0.129715930705,0.237336625108,0.137228620805,0.196429109316
shared:144,shared:144,shared,1,021,1.42962738612,-0.925190516615,-0.63677587961,-1.08547916514,0.54554257505,0.0865550062242,0.0402363787098,0.457134020172,-0.129517236706,0.232184639758,0.136573362198,0.189740719086
shared:145,shared:145,shared,2,210,-16.1652665183,0.443655115912,-0.631806473861,0.469786299738,0.381469533017,0.94158417056,-0.818475033798,0.755225259237,0.242242446189,-0.559832486651,0.326052688208,-0.632631534961
shared:146,shared:146,shared,2,210,-16.1838807644,0.29488163939,-0.62148865353,0.528074240139,0.420906032214,0.860896371192,-0.964983219376,0.683782470104,0.346370868219,-0.121298616754,0.900894731292,-0.93399921082
shared:147,shared:147,shared,2,210,-9.22966962809,0.837075534307,-0.136513868764,-1.18016233596,-0.0353064151089,0.324804547203,-6.11680346378,5.58711623682,-0.155916158947,0.592438141346,1.23739931228,1.95020588223
shared:148,shared:148,shared,1,210,0.0635616940229,-2.31721859784,0.0161152174683,-0.0600043679346,-0.221887670005,0.801644669772,1.0598320357,-0.530044112472,-0.291423397426,-0.999526904255,0.428015931706,0.726807170893
shared:150,shared:150,shared,1,210,0.126535043589,-2.36589677614,0.0161876064361,-0.0764288096039,-0.230625197627,0.773961162929,1.0345927778,-0.516836570938,-0.296921731259,-0.989237937488,0.462123374775,0.7082423364
shared:151,shared:151,shared,1,210,0.314348389791,-2.43382611059,-0.0794153206487,-0.102504708234,-0.190546012707,0.52992546479,0.841899599823,-0.606187073715,-0.463507616713,-0.816249242591,0.450215624345,0.600887307223
shared:152,shared:152,shared,1,021,-0.530143077552,3.66830223733,3.75579842169,0.499168186628,-1.48133491414,-0.138870094717,0.984710247721,0.533894876861,0.0464442993773,-0.425385754968,-0.0863148592794,-0.639520987522
shared:154,shared:154,shared,1,021,1.20102954747,-1.68750420555,0.134243167738,-0.613202227939,0.894386991527,0.531724991041,0.370834250107,-0.13892115109,0.107317500765,0.117210818602,-1.04043726391,1.52903001246
shared:155,shared:155,shared,1,021,2.10187888168,0.259133298368,-0.374943499504,-0.178617908966,0.188075083686,-0.031848299762,-0.0243684371477,0.701285378792,0.263523448477,0.252267078544,-0.0363497058363,0.209007584248
shared:156,shared:156,shared,1,021,0.745484021864,0.0455231869985,0.96269569886,-0.934557080135,0.184707242066,0.290277185964,-0.18623843601,0.107966597974,-0.0139297601808,-0.241785193124,-0.170497471439,0.169304293651
shared:157,shared:157,shared,1,021,1.30008165459,0.134929514641,1.38576246368,-1.5051532183,0.55451135752,-0.360311912633,-0.738401315623,-1.0167650665,-0.0318038623754,0.85173302259,-0.656847505262,-0.824058874002
shared:158,shared:158,shared,1,021,1.16416322394,0.052302172106,1.02264328414,-0.711171179012,0.46844941118,-0.228702730033,-0.233195571925,-0.1348487578,0.0804114007927,0.454873915274,-0.836605970514,-0.391759058558
shared:159,shared:159,shared,1,021,0.708172503834,1.93955215891,-0.30952680035,0.323609517011,-0.244714496509,0.293077946075,0.127801255949,0.335249402049,-0.042699926368,-0.598233942933,-0.893370397024,0.0019476485788
shared:160,shared:160,shared,1,021,2.93863693543,-0.131334148455,-0.201861195592,0.531317067282,-0.79455804032,0.546783266876,0.169333926396,-0.912984723358,-0.209643028986,-0.0920666064239,-0.712622332381,-0.458631849836
shared:161,shared:161,shared,1,021,2.94106096347,-0.112425015087,-0.229880498617,0.453238605035,-0.639115592706,0.530190791293,0.131777957397,-0.943897198291,-0.214687843643,-0.0191105496327,-0.881861433256,-0.36222112759
shared:162,shared:162,shared,1,021,2.04799871853,-1.87942435528,0.890682045981,-0.2810121921,0.986708647775,0.48699081009,0.630977286001,0.317780512909,0.0517002239365,-0.135235375107,-0.440087800513,-0.261722532279
shared:163,shared:163,shared,1,021,2.33433370495,1.6475982363,0.781267966153,0.703017598134,0.0710763951957,-0.129952900324,0.127976530806,-0.425262920564,0.131110953397,0.0688713041799,0.117911754165,-0.0541139877991
shared:164,shared:164,shared,1,021,2.29802804185,0.899923231571,1.64249361308,-0.134042348255,0.288349893598,0.0466049045263,-0.0383869727615,-0.561072881757,-0.400778045956,-0.284652487323,-1.10697027661,0.250598914052
shared:167,shared:167,shared,1,021,2.78039117808,1.97303646545,-1.32471163703,0.279166588108,1.63190443812,-0.667634927127,0.381174787614,-0.990965977184,0.0603746026198,0.970442396808,-0.126853033456,-0.779057177556
shared:168,shared:168,shared,1,021,2.04704813428,0.722334835992,3.05845922614,-1.46737428992,0.104329517678,-0.903676061436,-1.91081513545,-2.01603988098,0.248436505706,-0.00317524613048,0.0617501384933,-0.742759073204
shared:169,shared:169,shared,1,021,1.44994721196,1.63175817496,1.32530705858,-1.10590330978,0.131703333054,-0.414673803085,-1.17430291162,-0.116486620362,0.145345214753,0.00748323253577,-0.0782801592897,-0.986892016851
shared:170,shared:170,shared,1,210,-0.742009800996,-2.6713827083,-1.81635982901,2.57747751887,-0.533654250639,-1.69684952326,-0.514548315111,-0.196683724195,0.237807198374,0.046110379935,1.4765714268,-0.887289746411
shared:171,shared:171,shared,1,021,2.67684489422,-0.446179679867,-0.976583658172,-0.844752959286,0.551815181729,-0.0832584701554,-0.37125355165,0.487167724971,0.146903191553,0.142894828057,0.0746922968176,-0.673854993701
shared:172,shared:172,shared,1,021,3.03234084082,0.312788327255,-0.445678116146,0.200188304117,0.859761166162,0.159723174161,-0.0534189750729,0.696988081861,-0.0788130835855,0.14536900004,0.0989890886107,-0.412402942472
shared:173,shared:173,shared,1,021,2.94907230037,-0.0861543596429,-0.0423545570999,0.414179097742,0.00613132946776,0.547384524447,-0.409147065327,-0.311768419155,-0.104001677865,0.299162267721,-1.47217683865,-0.0299175261021
shared:175,shared:175,shared,1,210,1.79528857885,-2.55372820955,-2.05865077617,2.02292589866,-1.25024341114,0.142167640614,-0.801834036684,-0.587985451525,-0.651574940734,0.653400080355,0.0544211967185,0.650129360057
shared:176,shared:176,shared,1,021,1.96217957147,0.689073247657,0.226621175909,-0.487400768627,0.225684942492,0.411223270466,0.723483134443,0.0782085195931,0.475638974952,-0.113027435892,-0.625939010409,-0.438294899984
shared:177,shared:177,shared,1,210,-3.19862872882,-2.43228432262,-1.44906965089,0.35040921991,0.179612047821,-2.23803782139,-0.326931039674,0.187899547587,-2.39859339888,-0.11278148823,0.243303071333,0.0425595648305
shared:178,shared:178,shared,1,210,-2.13579581828,-2.65499268176,-1.10335199609,0.0235510206775,0.225889726457,-1.84517806938,-0.11781390194,-0.0269566186053,-1.9192893179,-0.0234962693919,0.141626013448,0.136806489195
shared:179,shared:179,shared,1,021,3.23381809939,5.16602315033,-3.97741108912,-0.792080014434,0.948368600861,-0.481890090188,-0.98984734002,-0.901757208092,0.111684482578,0.0867040304187,-0.0824894756437,0.518166297186
shared:180,shared:180,shared,1,021,1.28003258636,4.98949152018,-1.08473672135,0.0760443518043,-0.681683494161,-0.209242918486,0.233887665937,-0.151870489045,0.250588345306,-0.0698499595309,-0.230394461153,0.357479156539
shared:181,shared:181,shared,1,021,0.298546739535,5.14436301972,-0.310800488477,-0.448465753058,-0.059710471162,-0.160888876681,0.0393391744314,-0.95407180537,-0.318026023598,-0.947107218444,-0.0924624224794,1.66503301814
shared:182,shared:182,shared,2,210,-20.1462843181,0.666286563502,-0.648265964323,0.749364473305,0.851643451758,1.24456551091,-0.211598681446,-0.399736233027,0.882520697605,0.115947332601,-0.300110536826,-0.0759573351593
shared:183,shared:183,shared,2,210,-19.006607008,0.28291742929,-0.710999028563,0.698090947743,0.887746230298,1.06594561856,-0.250607964665,-0.32113761327,0.579167113609,0.0614786040109,-0.14649600577,-0.0473637318431
shared:184,shared:184,shared,1,021,0.132603799445,4.42649567642,-0.992846479582,-0.679336966209,0.342449421913,-0.370684391419,0.129761358261,-1.19384918938,-0.241317178708,-0.93393332643,0.041931278958,1.59999700582
shared:185,shared:185,shared,1,021,1.24468005612,1.31797187099,-0.611707050166,-0.889251625537,0.955345753724,-0.21242962933,0.143121985406,-0.464826381186,-0.358805992006,-0.212702740127,-1.11505059009,1.36714532773
shared:186,shared:186,shared,1,021,0.731807699656,1.7921987908,-0.254974584305,0.184419718675,-0.120250496612,0.225270658009,0.138395139316,0.300616299971,-0.0930007712698,-0.535859716955,-1.00535568114,-0.0646165438624
shared:187,shared:187,shared,1,021,3.31817362698,1.97941106723,-1.94222365048,0.597313671329,0.827047391852,-0.0407596969819,-0.0281839120901,0.439596453499,-0.107828976673,-0.0478783553572,0.289791621574,-0.908309381864
shared:189,shared:189,shared,1,021,1.73297171433,1.62475453216,-0.0288611915345,-0.613481511373,0.145410663484,0.124123609006,-0.79552341493,1.61640322883,-0.285063612879,-1.17732131082,-0.448068161058,-0.273220001565
shared:190,shared:190,shared,1,021,2.34378894715,0.750654558101,-0.245102303396,0.2417574087,0.482468729264,0.366563615957,0.435760649723,0.275033201913,0.431529826935,-0.240942648029,-0.701767013748,-0.325155733486
shared:191,shared:191,shared,1,210,-6.07135969361,-2.53297152303,-0.464256580084,0.864395934532,-1.20512909339,1.16399540224,1.62217191292,-0.206982580739,-0.273925026007,-1.85512824439,2.49710698005,0.57234472328
shared:192,shared:192,shared,1,021,2.1520358237,0.0246933049033,-1.1137614296,-0.803479729316,0.671866147923,-0.084897612592,0.492152892456,0.025934387789,-0.0157941461775,0.245741961631,-0.323707012279,0.608424208351
shared:193,shared:193,shared,1,021,2.36578136564,-1.88891234017,-0.324437708541,-0.393923278214,0.0201085721886,0.345639027911,0.212945861457,-0.0582003872052,0.224676721499,0.179168250114,-0.154791294895,-0.190292446966
shared:194,shared:194,shared,1,021,2.34217216591,-1.88904369596,-0.305961390141,-0.419190622174,0.0651073694421,0.341093527531,0.24809179184,-0.0866192878391,0.221123757425,0.194900782006,-0.196633661743,-0.179788008896
shared:195,shared:195,shared,1,021,2.26460236605,-1.73996947007,-0.393142609427,-0.418045399723,0.0796473829376,0.366816904937,-0.0474391162531,0.161189331545,0.237960597073,0.138873806122,0.0690372225885,-0.232484745752
shared:196,shared:196,shared,1,210,0.0805220270165,-2.78120893894,-0.914303464461,1.37742100358,-0.556721684431,-2.85910208721,-0.331508083906,-0.0580657495363,0.850707411653,-0.349164039528,0.845032612311,-0.622186803553
shared:197,shared:197,shared,1,021,1.85745307824,-1.45200606008,0.347966506521,-0.866068236942,0.33243572026,0.336976675875,-0.487363670703,0.608916123867,0.314775745299,-0.233706299714,-0.521540343231,-0.281715533227
shared:198,shared:198,shared,2,210,-13.3236194182,-1.03116703605,-0.858514235059,1.36111268429,0.777306991707,-1.4607778325,0.0465958147451,-0.199750118661,0.174680610309,-0.0527380107053,-0.00813509965521,0.444703394472
shared:199,shared:199,shared,1,210,0.212158648413,-2.36421270356,0.00808186598586,0.0444385316518,-0.437597232637,0.766567801478,1.03225981147,-0.483403439856,-0.426107275923,-0.875151036682,0.651914293247,0.575768452008
shared:200,shared:200,shared,1,210,0.403969088598,-2.42342890165,0.00723907469449,-0.0186717507517,-0.429946415131,0.728503059964,0.982352300199,-0.568703537736,-0.513298439186,-0.798080589866,0.619962380249,0.447599919158
shared:201,shared:201,shared,1,210,0.394312487785,-2.42238706725,0.0128422426846,-0.0158399676076,-0.418910794709,0.72610954453,0.968087629069,-0.561115953275,-0.520001324376,-0.814352055556,0.643599749666,0.427352462282
shared:202,shared:202,shared,1,210,0.445451914475,-2.44025031831,-0.00604294212389,-0.0407757690442,-0.397085936267,0.632572404305,0.928254572023,-0.542267901761,-0.59200464394,-0.82326778497,0.633134808174,0.374601341627
shared:203,shared:203,shared,1,021,2.94736002224,-0.0688391596433,-0.0388950015344,0.414565802894,0.00426947055741,0.542324165368,-0.40678488372,-0.321010308972,-0.101501831254,0.298067992332,-1.46933138348,-0.029675579708
shared:204,shared:204,shared,1,021,1.7242956857,2.8589339803,-2.68867508309,-0.386403022802,0.43824158205,0.188125235254,0.498999592484,-0.674147478974,-0.272023427802,0.754251916444,0.313659634738,0.458346201527
shared:205,shared:205,shared,1,210,0.217947767258,-2.36821621643,-0.000200995049922,0.0458760804087,-0.438652510001,0.771887129178,1.02635122008,-0.481584972386,-0.43193177977,-0.881169751212,0.654531489898,0.573346428042
shared:206,shared:206,shared,1,021,1.65583494166,1.3213791175,0.733329964931,-1.12913707635,0.770861157489,-0.340197303316,-0.545649704834,-0.901752261639,-0.324133007808,-0.447272670676,-0.466630251168,1.04375855633
shared:207,shared:207,shared,1,021,2.3208493303,-0.832023877239,-0.38657405516,-0.551282574683,0.73633254034,0.336053705879,-0.189236404456,0.854452846394,0.164417172208,-0.30012767403,-0.311525443483,-0.408500234882
shared:208,shared:208,shared,1,021,1.67006082123,4.57022199552,-1.44941192627,-1.39057690577,0.996106188445,-0.38429811202,0.0247026329236,-1.03435496567,-0.190365222095,-0.604276514137,-0.0194159025325,0.887554094693
shared:209,shared:209,shared,1,021,2.39380164914,-1.80282987291,-0.351363180144,-0.318101588191,-0.0341434488868,0.33894034877,0.225439998372,-0.0706649124751,0.2216884795,0.157020296009,-0.156500088563,-0.19996878956
shared:210,shared:210,shared,2,210,-17.6108006739,0.138426250155,-0.913441742631,0.492160919126,0.794287901136,1.27274962646,-0.06669197347,-0.325366137278,0.492554550077,0.0532804713477,-0.133294269255,-0.231048918949
shared:211,shared:211,shared,1,210,1.45654860344,-2.40142441652,-0.668377796884,0.430994329507,-0.0990069818051,0.349225981419,0.357612377126,-0.558132280568,-0.359200693323,-0.21739686486,-0.217872061254,-0.0921752921111
shared:212,shared:212,shared,1,210,-7.49802646948,-1.16169808612,-1.00890797958,-0.405030286837,-0.575149553863,-0.919385962005,-0.414696874275,-0.61489921299,-4.03811060978,0.191471095826,-0.864922961295,-0.695145635866
shared:213,shared:213,shared,1,021,1.7370366106,-2.30411928092,0.345110382879,-1.28752356293,0.835413718419,0.364854959104,0.424030644783,0.0992922198113,0.198188770127,0.165896998355,-0.584404748247,0.689749529159
shared:214,shared:214,shared,1,021,2.48848001617,0.351892365944,0.833213171417,0.356689270411,1.23954352737,-0.0728949293305,0.00518464346921,0.315008499265,-0.222364241961,0.353572509056,-0.140367875284,0.0417572633824
shared:215,shared:215,shared,1,021,2.00478455694,1.56405401876,0.604529624401,1.21210473142,1.02700222316,-0.350482786448,0.316859976915,0.0500456938717,-0.303723907101,0.419721592165,-0.0822560228472,-0.181240096988
shared:216,shared:216,shared,1,021,2.01765086017,1.6376697949,0.558276541393,1.24948939864,0.998645144868,-0.352204228555,0.27668767667,0.0729381589725,-0.325181899259,0.423827101852,-0.0425019384518,-0.189564387281
shared:218,shared:218,shared,1,021,2.32670873409,-1.63036261074,-0.464084588598,-0.367738738581,0.0562366963292,0.358503867937,-0.0656026965923,0.156381657286,0.225333411855,0.145124872857,0.053754997862,-0.187160747627
shared:219,shared:219,shared,1,021,2.08710180845,-1.2486456819,-0.589327657478,-0.586108031107,0.164092145341,0.16220623301,-0.282646231751,0.144783035916,0.0907965605861,-0.0329528078624,-0.845155601149,0.692234650455
shared:220,shared:220,shared,1,021,2.4344002782,-0.644325556796,-0.720051407504,-0.435450339066,0.183241992042,0.135035482061,-0.264776629443,0.103479131586,0.0917814287471,-0.351480760481,-0.975636014889,0.363390581133
shared:221,shared:221,shared,1,021,2.47137124324,-0.870642899763,-0.119988480656,-0.368493940681,0.842727801844,0.270893433203,0.182908472182,0.525933989395,0.055102854957,0.187992962519,-0.161729444352,-0.169473669258
shared:222,shared:222,shared,1,210,-6.77567378568,-1.86891954863,-0.955776538115,-0.244590768098,0.12896419885,0.510435647595,-0.0875467512877,0.12672366953,-0.589697161814,0.730236982625,0.409316458583,-0.0535774135064
shared:223,shared:223,shared,1,210,-0.0364725632286,-2.2429034643,-0.0552561000329,0.276426358303,-0.959603990524,0.979243361894,0.28397438504,0.399359093336,-0.751844217371,-1.42834708304,0.958779599562,0.523897337712
shared:224,shared:224,shared,1,120,-3.26795552944,-2.07945879565,-0.860874992229,0.764543739507,0.0897898309363,0.157014538332,-0.0622302496411,-0.0452620595388,0.843464373049,-0.139054091255,-0.122194988717,-0.222047351472
shared:225,shared:225,shared,1,210,-1.23642728352,-2.23477345846,-0.336285336305,-0.829721505477,0.207470667837,0.887911160426,0.424369278865,0.5209242791,0.687188570664,0.764311480549,-0.251624719762,0.306070498235
shared:226,shared:226,shared,1,021,1.91846947803,-0.514148439179,1.89977823602,-1.3695217943,-0.601512523329,-0.986438088294,-1.44902888792,-1.45756196622,-1.38941969741,-0.500128775053,-0.034456761051,-0.0554776583475
shared:227,shared:227,shared,1,210,0.979575428329,-0.633241522805,0.687000557857,-0.88394757346,0.282132293589,0.00848816932022,-0.140507975121,0.12627353367,0.0467949873045,-0.212944112051,-0.0552354719023,0.122126104763
shared:228,shared:228,shared,1,012,2.05041677042,1.0563640177,-0.267338278064,-0.230025689536,0.0813785237254,0.113991319594,0.245758536222,0.409456621363,0.506178370487,-0.64737531386,-0.407506498686,-0.189154947404
shared:229,shared:229,shared,1,012,0.662696826212,-1.34001673843,-0.485132340365,-0.324574663165,-0.0127097127002,0.412363119326,-0.022524382919,0.0190538233491,0.751496739053,0.123415724078,-0.110969944602,-0.380269262179
shared:230,shared:230,shared,1,012,0.701243878547,-0.905003132533,-0.528899952937,-0.285059543958,-0.140481942404,0.432048876942,0.0411350139637,0.0622416065011,0.720482146568,0.0965149635447,-0.0832070481659,-0.434886502485
shared:231,shared:231,shared,1,012,0.731032834866,-0.963456768134,-0.492485657558,-0.395561765136,-0.0694908690804,0.452127652197,0.0763140405636,0.09019059892,0.722570896259,0.098829603934,-0.0887929280262,-0.411084847275
shared:232,shared:232,shared,1,021,0.945411295773,-0.0520415399112,1.65032744631,-0.193369444207,-0.25655474031,0.13780942221,0.216612091888,-0.0547681113444,-0.00421664811819,0.193433272864,-0.234545151981,-0.342394805176
shared:235,shared:235,shared,1,012,0.760201566643,-2.26828742509,-0.101553238557,-0.0955597636432,-0.488810168841,0.700625684889,0.903330180221,-0.347326175757,-0.174155563534,-0.320094896919,0.438203194109,0.163222253261
shared:237,shared:237,shared,1,012,0.779056194874,-2.27995768348,-0.10703792171,-0.097328592705,-0.491741773747,0.697794523764,0.894377070407,-0.352478300368,-0.165511798782,-0.314441842039,0.439258915409,0.160559010282
shared:238,shared:238,shared,1,210,-4.89448933964,-1.3632770195,-0.211201400524,-0.232593098197,0.786324964707,0.78960826018,-0.459286809179,-0.307623942937,0.733764132527,0.532532438286,-0.405148894633,0.329273192283
shared:239,shared:239,shared,1,210,-1.20215610546,-1.74694605342,-0.152916651178,-0.127096864294,0.453120366984,0.924256042772,-0.356487962084,-0.0382658213865,0.427244028383,0.536337696508,-0.296291473456,0.334961506742
shared:240,shared:240,shared,1,012,1.89240684634,0.169711394537,1.17241541651,-0.164905631699,0.238966298713,0.310331056082,-0.55458281918,0.13795821648,0.203564402049,-0.0227638520567,0.223148093644,-0.493936052939
shared:241,shared:241,shared,1,201,2.20311089352,-1.17344042839,0.83525487047,-0.164111477751,0.938332903895,0.172134794677,0.322470917994,0.325834593577,0.343017780039,0.505102101802,0.14472005959,-0.247872612961
shared:242,shared:242,shared,1,201,1.31858530494,-2.0155463276,-0.456790495999,0.378674858666,0.16932798672,0.0430857723028,1.00578998872,0.63677529958,0.40552359129,0.564075580829,-0.213547369718,-0.175630642138
shared:243,shared:243,shared,1,201,1.66402079973,-2.13988928899,-0.324078492758,0.145348251617,0.245784922268,-0.525275779338,0.515707958331,0.373472352156,-0.102284431586,0.393146486231,-0.201003004931,-0.217157565833
shared:244,shared:244,shared,1,201,1.68450801677,-2.16714311023,-0.287730924455,0.0207592361155,0.144445477187,-0.426176062075,0.571609982273,0.411609216645,-0.0269415432364,0.480484112514,-0.172747933218,-0.221611201621
shared:248,shared:248,shared,1,201,1.6844265744,-2.16423235462,-0.279771110279,0.0171824846983,0.147933289473,-0.425499680243,0.567304615415,0.408512238216,-0.0266570285372,0.478266091313,-0.176140747129,-0.218193157204
shared:249,shared:249,shared,1,012,1.87848979797,-1.49766993416,-0.567066523552,-0.180960559115,-0.166900974082,0.688756362472,-0.0228177717314,-0.0222894364575,0.301268229464,0.313900723107,-0.226788225359,0.363646874677
shared:250,shared:250,shared,1,012,1.85546058231,-1.56410260609,-0.519456684212,-0.29564149708,-0.0643096890161,0.664736786752,0.0185609530185,-0.0315228795661,0.25685205158,0.342752950247,-0.110469622267,0.346072062598
shared:251,shared:251,shared,1,012,1.50957475752,-2.2452311194,0.172469837418,-0.951525668812,0.5758479485,-0.506195854723,0.470452611108,0.297532341135,0.0229319119556,0.256400196997,-0.61035829745,0.210414595286
shared:252,shared:252,shared,1,021,0.654469885548,0.339541712237,2.64799676127,-0.358186779366,-0.515437220988,-0.09181811253,-0.458473845121,-0.662447876665,0.0193271964613,-0.181338751924,-0.366307920637,-0.372766308719
shared:253,shared:253,shared,1,021,-3.20767417439,-0.518711745797,1.6105057976,0.488816971925,-1.16130439355,0.430250635197,0.416302948094,-0.67007547467,-0.164308789609,-1.01308025786,1.23630047544,0.0325098528618
shared:254,shared:254,shared,1,201,2.76003980567,-0.157792553263,-1.62726347019,0.412870353928,0.520768690921,-0.474540483279,0.122457944606,0.434684799794,-0.859884042549,-0.223636577345,0.758204338424,-0.659594456456
shared:256,shared:256,shared,1,201,2.76759284265,-0.330761832365,-1.54880526767,0.340298640516,0.541110591257,-0.374581152756,0.118581109973,0.396913926174,-0.815411433426,-0.237969828208,0.731609155612,-0.641343194712
shared:257,shared:257,shared,1,102,1.49602820296,1.48920308583,1.27597540923,-1.10451822583,0.115573431239,-0.353751835278,-1.12791530825,-0.0828222811129,0.181508970934,-0.00816214789335,-0.100335589879,-1.00301526394
shared:258,shared:258,shared,1,120,-3.09517326997,-2.3472313655,-1.41934881456,0.330287228475,0.179067984493,-2.18869914437,-0.336384374397,0.216966201717,-2.35411384087,-0.134369641135,0.228912200033,0.0359268829153
shared:259,shared:259,shared,1,120,-2.39800230564,-2.11075461791,-0.455982370316,-0.844075468677,1.05990680395,-0.467360082917,-2.32457437469,1.31196422311,-0.726047275647,0.191857274453,-0.254283998913,0.864979135667
shared:260,shared:260,shared,1,120,-1.17024256183,-1.4022772259,-0.450030091359,-0.636611279465,0.808609683085,-0.354686112796,-1.72578960362,1.17871103759,-0.451507803453,0.199364074041,-0.177731081332,0.676419485033
shared:261,shared:261,shared,1,210,2.5212870408,-0.682248770763,-0.537352549987,-0.0853337382676,-0.156395932837,0.566314476331,-0.326048277072,0.464025169627,-0.685123849639,-0.310490957835,0.29161001857,-0.0551456519567
shared:262,shared:262,shared,1,120,-4.16703911237,-1.18799104696,0.0726715305254,0.375664475157,-0.889624760511,0.694911698615,0.89567680013,-0.307752689326,-0.200505828429,-1.39603980172,1.83757487533,0.150148698833
shared:263,shared:263,shared,1,021,3.25406062896,-0.680091366292,-0.270201154302,0.0739698532936,-0.18509105903,0.600673630943,0.0737482539731,-0.6730408869,-0.0329181376599,-0.307862366292,-0.419573658187,-0.604427214208
shared:264,shared:264,shared,1,012,2.04372681654,0.778048889874,0.363928514659,0.887054915359,0.829658213663,-0.208076226603,0.296396850496,0.0719367613232,-0.330379208606,0.431729684515,0.0235383409747,-0.180057478177
shared:265,shared:265,shared,1,012,2.38895299593,-1.11796316776,-1.30348844774,0.18030233984,0.21583732563,-0.1724079249,0.0669589011085,0.112300388181,-0.432717507519,-0.130065036386,0.690662943779,-0.524818749708
shared:266,shared:266,shared,1,021,2.04424849232,0.409206612898,-0.627220077315,-0.240533623991,-0.278830990771,0.414666482527,0.0922794261757,0.480908423004,0.192796853423,-0.71579661535,-0.198842842724,-0.26629262299
shared:267,shared:267,shared,1,021,2.29004928779,0.0824272178814,-0.715394231535,-0.265782331644,0.0121691466895,0.581936382063,0.196609754691,0.361127736142,0.222143906313,-0.942435356242,-0.127487926642,-0.526231219584
shared:268,shared:268,shared,1,021,-4.00358174858,-1.17038765354,-0.257547181215,-0.936412505957,0.627730854772,0.188991041264,-3.55491844883,2.64679774077,0.0736342832435,0.648021809808,0.4507632312,1.23986937792
shared:269,shared:269,shared,1,012,2.28403934861,0.600018511927,4.88199607191,-2.89848046773,-0.521100970864,-0.719479032952,-2.62287675835,-0.374597596918,0.569817752746,-0.553573631386,0.824538139915,-0.482540321369
shared:271,shared:271,shared,1,210,2.95064185892,0.446453216694,-1.45513668347,-0.335474671855,0.0256072669653,0.383286295958,-0.183871173399,0.201166792326,0.0482971877702,-0.0606449385634,-0.125580329064,-0.335062571189
shared:273,shared:273,shared,1,021,2.60964036011,-0.799017814694,2.59149536347,-1.01321980099,-0.0803824137776,0.0616795456714,-1.83837504595,-1.77980364313,0.614985746326,-0.408686916328,0.253544893945,-0.19809070801
shared:274,shared:274,shared,1,012,2.73106835991,-0.987407284837,1.24472263873,1.60550585103,1.45772296756,0.544419392403,0.775692424199,0.773161142826,0.162405336058,0.798746072602,-0.188887231667,-0.162926506224
shared:275,shared:275,shared,1,120,0.126282254747,-0.851334293519,1.7073633115,-0.105373006556,-1.39054426681,-0.155276989536,0.772396050883,-0.0425134193132,-1.15363511279,0.746312672379,0.463235828358,0.0362409899287
shared:276,shared:276,shared,1,120,3.10652957286,-1.00780834249,-0.292789708129,2.97831076398,-3.33207468204,0.670976968333,-0.422660916593,0.0108359566673,-0.578268411215,0.314855989239,0.326613860614,0.263569468318
shared:278,shared:278,shared,1,120,3.08358817707,-1.06999755435,-0.315230967678,2.73402360606,-3.08911906496,0.65179045693,-0.400516478174,0.0221152449139,-0.511364215187,0.258503150592,0.319324345211,0.21230487253
shared:279,shared:279,shared,1,021,5.96799309465,-1.51571715071,-2.27146443558,5.41329136944,-4.54680247059,1.42847039612,-1.36887998054,-0.178965715372,0.195177287295,0.0253704558901,0.124452224579,0.46543804787
shared:280,shared:280,shared,1,102,5.00296299947,-1.53809127431,-1.94828721698,4.87941140245,-3.72886666252,0.878802613749,-0.724377630198,-0.840534673137,0.317633343865,0.455271185464,-0.709426665929,0.816595317701
shared:281,shared:281,shared,1,021,3.97434049283,-1.2073415304,-0.867406553608,2.3125953372,-2.05937803366,0.476078033509,-1.07765982973,0.0207719426359,0.269620667415,-0.0765566931097,-0.298354528815,-0.014256701522
shared:282,shared:282,shared,1,201,-2.31411584182,-0.43438043972,0.822437911494,-1.89027045542,-1.26270092701,0.0285619468601,1.65349787376,2.7851430787,-0.367963153481,1.85511556578,1.899425614,0.505631392442
shared:283,shared:283,shared,1,210,0.412758767095,-1.83110601839,0.967390264049,-1.63578654447,-0.918830721189,-0.773210352304,0.616373701695,1.02507215067,-0.28657588013,0.282179329844,0.910550366539,-0.46066445289
shared:284,shared:284,shared,1,210,0.775754359611,-1.56782951326,0.950503074144,-1.18980838364,-0.640987482122,-0.405858478854,0.431910558044,0.690643048045,-0.122571296765,0.360217945183,0.55270582213,-0.352081320925
shared:285,shared:285,shared,1,021,1.50185114823,-0.507225074037,0.809702703673,-0.904456057872,0.29938750893,-1.13189171402,-0.533518179877,0.190677825421,0.393704475743,0.285926706404,-0.106920817186,-0.265905643528
shared:286,shared:286,shared,1,012,1.5422888669,0.598578573154,0.581526518344,-0.152467552465,-0.453707306716,0.282937952423,-0.0302984434658,0.363355684056,-0.101091608481,-0.209587562031,-0.0374107614985,-0.195194918628
shared:287,shared:287,shared,1,012,1.92473266721,-1.55849124604,-0.0605531957854,-0.355061195326,0.0649874217785,0.663554269513,0.0536386542927,0.0606778777123,-0.164238280987,0.0449808916382,0.0923829032396,-0.017842100369
shared:288,shared:288,shared,1,012,1.0123688214,-1.6111131743,-0.335104536069,0.381005106163,-0.546063820781,0.0759114441631,0.028574203339,-0.0672534767931,0.187401111094,0.217990626457,0.0747288871485,-0.0886594808437
shared:289,shared:289,shared,1,210,2.2304977516,-1.26927080475,-0.838358922821,-0.789894775012,-0.0927497038791,0.153208443749,0.281145887158,0.308515723562,-0.0444693029462,0.206443272483,0.128921656002,-0.29013447943
shared:290,shared:290,shared,1,210,2.25301803882,-1.28043106783,-0.849742065902,-0.777353611359,-0.0869320277754,0.166700441829,0.274806907645,0.314529687418,-0.0468531970903,0.231526543187,0.120449830129,-0.295798725097
shared:291,shared:291,shared,1,210,2.25409313734,-1.28893088219,-0.843962524156,-0.774569860816,-0.0757842847415,0.170655562058,0.269816650602,0.306818875785,-0.0441355844939,0.23939795402,0.112136295874,-0.286498715188
shared:292,shared:292,shared,1,210,2.33310755015,-1.30700899111,-0.825511553141,-0.708297896005,-0.132436030211,0.175180256771,0.274269262321,0.259387127349,-0.0259952318675,0.203556228318,0.0952462387048,-0.304186166148
shared:293,shared:293,shared,1,210,2.27807253799,-1.36612963524,-0.737537745505,-1.00444025908,0.0140471685957,0.489753392514,0.375626573134,0.347382703944,-0.0138800816154,0.112149115592,0.134538287066,-0.563217299289
shared:294,shared:294,shared,1,120,2.33517728429,-1.5275362551,-0.819039219165,-0.149528607908,-0.000766596137781,-0.157916058022,-0.189336932025,0.300908152207,0.690448006166,0.0736431999682,0.0360335953052,-0.353862795172
shared:295,shared:295,shared,1,120,2.31458902607,-1.90254687442,-0.177960609498,-0.489424666083,-0.0527525317648,0.167247371819,-0.161122951283,0.134260634598,0.529092050881,-0.0495503325919,-0.223510339224,-0.0547976553743
shared:296,shared:296,shared,1,102,1.63095830683,-2.76115764432,-1.2991055926,1.12315446763,-0.824362204408,-0.0437424383252,-0.163135078758,-0.208094327703,0.468714657895,0.0661342902529,0.674624318525,-0.234006840215
shared:297,shared:297,shared,1,102,2.66322251985,-0.149278804087,-0.449534850925,0.476737242856,-0.669783243699,0.395562049468,0.107986165287,-0.8227620267,-0.111921428092,-0.106730672769,-0.464023443734,-0.329176926884
shared:298,shared:298,shared,1,201,0.391375793609,-2.22859393808,-0.464314032084,-0.424608068401,0.409120582538,0.198644711842,0.21823093833,-0.193308542032,0.270778975361,0.0607174391638,-0.122063429147,0.100793810674
shared:299,shared:299,shared,1,102,2.30673291745,0.012344255878,-0.640876844685,-0.201046629974,0.0591769939977,0.580096826787,0.213883351904,0.368679117805,0.218870614499,-0.874826669748,-0.120994752835,-0.507895624396
shared:300,shared:300,shared,1,102,2.33126069154,0.0092532736061,-0.61783319601,-0.177490688786,0.057065000799,0.578654405041,0.190078286255,0.342322000601,0.206601354638,-0.829914038485,-0.172668256717,-0.489532543779
shared:301,shared:301,shared,1,102,2.28818442006,-0.206212979491,-0.677469515615,-0.199437932798,-0.00702747348455,0.598133280529,0.255697082321,0.418431574978,0.495832465585,-0.519291508282,-0.00770391948285,-0.586255498192
shared:302,shared:302,shared,1,021,3.78234084929,1.19130568997,-0.498261240737,3.55723427312,-1.09700944104,0.190078408723,-0.172632073222,-0.440147345419,-0.0753541105268,0.561385932134,-0.42775691106,0.374228709443
shared:303,shared:303,shared,1,120,1.9240680638,-1.55345436651,-0.0583803807107,-0.356235524258,0.0650657104184,0.66188118806,0.0518997033218,0.0601924530103,-0.163751402787,0.0449020399425,0.0919669332652,-0.019321425046
shared:304,shared:304,shared,1,120,2.23670190815,-1.64743930029,-0.231945200494,-0.0141024603533,-0.209179032578,0.686295522913,0.03805367883,-0.0347610573818,-0.103938856406,0.134755207494,0.0652361906284,0.00204499231605
shared:305,shared:305,shared,1,120,2.30873593707,-1.70932023976,-0.237531046547,0.0627006330587,-0.25188823643,0.698907012389,0.00737086583483,-0.0434632939873,-0.0658472740979,0.183852764173,0.00172092955191,0.0230523222321
shared:306,shared:306,shared,1,012,2.09684540826,0.893149057858,0.042462705787,-0.427715945398,0.571900720145,-0.145058698862,0.136525702044,-0.218179228259,-0.226313235346,0.300279367321,0.0787729447723,0.611240184156
shared:307,shared:307,shared,1,021,0.611927290509,-2.10882017624,-1.14725550556,2.4804155935,-1.96243338727,-0.62564350212,-0.708929202161,-0.515363374919,0.921786070646,0.956099889031,-0.0124513375059,0.354150910788
shared:308,shared:308,shared,1,021,1.6544616064,1.28452031823,0.709654898925,-1.11645063106,0.762197792167,-0.338675404893,-0.543190504939,-0.890907851748,-0.316063399296,-0.435783234639,-0.456813876374,1.03128408919
shared:309,shared:309,shared,1,012,-2.62264741881,-2.33312296313,-0.430864375098,-0.459462964532,-1.39412496509,0.742531840157,0.593561538365,-0.531845308467,0.7942313525,-1.52472441487,2.497829429,0.0939646749226
