anchor,rank,neighbor,quotient_distance,same_cluster
core:nova,1,shared:120,0.132804927762,1
core:nova,2,shared:037,0.147489092155,1
core:nova,3,shared:213,0.377224720281,1
core:nova,4,shared:107,0.573597869069,1
core:nova,5,shared:109,0.649761799785,1
core:nova,6,curated:019,1.56384201624,1
core:nova,7,core:swirls,1.77325923009,1
core:nova,8,shared:142,1.81309196965,1
core:swirls,1,curated:019,0.575745665522,1
core:swirls,2,shared:120,1.77189821091,1
core:swirls,3,core:nova,1.77325923009,1
core:swirls,4,shared:037,1.81290232906,1
core:swirls,5,shared:213,1.84740159629,1
core:swirls,6,shared:107,1.96373394063,1
core:swirls,7,shared:109,2.05364746443,1
core:swirls,8,shared:041,2.30933214806,1
core:cells,1,shared:193,1.00654827572,1
core:cells,2,shared:194,1.0277900248,1
core:cells,3,shared:209,1.03524032855,1
core:cells,4,shared:142,1.1360081454,1
core:cells,5,shared:195,1.22495332495,1
core:cells,6,shared:218,1.24963152431,1
core:cells,7,shared:305,1.34918884442,1
core:cells,8,shared:304,1.41684876075,1
core:toxic-goo,1,curated:008,0.875659049723,1
core:toxic-goo,2,curated:001,0.885124165573,1
core:toxic-goo,3,shared:124,0.934531005591,1
core:toxic-goo,4,shared:060,1.2622362093,1
core:toxic-goo,5,shared:274,1.8267888193,1
core:toxic-goo,6,curated:010,1.88171804386,1
core:toxic-goo,7,shared:104,2.07036169204,1
core:toxic-goo,8,shared:059,2.19206606778,1
core:fire,1,curated:002,1.16285223282,1
core:fire,2,shared:119,1.16970938037,1
core:fire,3,shared:040,2.26213994372,1
core:fire,4,core:cross-fractal,2.26534679996,1
core:fire,5,curated:004,2.26534683857,1
core:fire,6,shared:284,2.40755395269,1
core:fire,7,shared:227,2.48310011428,1
core:fire,8,curated:005,2.54391716014,1
core:undulating,1,shared:079,0.0043809147609,1
core:undulating,2,shared:121,0.384335023703,1
core:undulating,3,shared:122,0.60722392837,1
core:undulating,4,curated:003,0.638492162989,1
core:undulating,5,shared:183,1.88325860318,1
core:undulating,6,shared:115,1.90543596172,1
core:undulating,7,shared:116,1.98027854578,1
core:undulating,8,shared:118,1.98903456534,1
core:cross-fractal,1,curated:004,7.24264885425e-05,1
core:cross-fractal,2,curated:005,1.14773170827,1
core:cross-fractal,3,shared:119,1.37837200763,1
core:cross-fractal,4,curated:021,1.45897196618,1
core:cross-fractal,5,shared:058,1.55862828521,1
core:cross-fractal,6,shared:123,1.5692300714,1
core:cross-fractal,7,shared:040,1.57310138946,1
core:cross-fractal,8,shared:059,1.6337256897,1
curated:001,1,curated:008,0.0283132693688,1
curated:001,2,core:toxic-goo,0.885124165573,1
curated:001,3,shared:124,1.190506372,1
curated:001,4,shared:274,1.22474392121,1
curated:001,5,shared:060,1.53888254508,1
curated:001,6,curated:010,1.90927364962,1
curated:001,7,shared:104,2.12365671039,1
curated:001,8,shared:241,2.1678792144,1
curated:002,1,core:fire,1.16285223282,1
curated:002,2,shared:119,2.06693456434,1
curated:002,3,shared:040,2.39095132306,1
curated:002,4,shared:232,2.58975782696,1
curated:002,5,shared:284,2.64231544902,1
curated:002,6,shared:106,2.65748591599,1
curated:002,7,shared:227,2.69980592004,1
curated:002,8,shared:112,2.70089460972,1
curated:003,1,shared:121,0.558091353874,1
curated:003,2,shared:079,0.636163077417,1
curated:003,3,core:undulating,0.638492162989,1
curated:003,4,shared:122,0.971688997958,1
curated:003,5,shared:183,1.96333889873,1
curated:003,6,shared:116,1.99201503507,1
curated:003,7,shared:115,2.00824686055,1
curated:003,8,shared:118,2.23881878821,1
curated:004,1,core:cross-fractal,7.24264885425e-05,1
curated:004,2,curated:005,1.14765953123,1
curated:004,3,shared:119,1.3783988628,1
curated:004,4,curated:021,1.4589604924,1
curated:004,5,shared:058,1.55866538567,1
curated:004,6,shared:123,1.56926661286,1
curated:004,7,shared:040,1.57305815372,1
curated:004,8,shared:059,1.63376002686,1
curated:005,1,curated:006,0.893902139665,1
curated:005,2,curated:004,1.14765953123,1
curated:005,3,core:cross-fractal,1.14773170827,1
curated:005,4,shared:040,1.20139545723,1
curated:005,5,curated:007,1.48984418873,1
curated:005,6,curated:021,1.70870056653,1
curated:005,7,shared:119,2.09476276966,1
curated:005,8,shared:293,2.24435593831,1
curated:006,1,curated:005,0.893902139665,1
curated:006,2,curated:007,1.04313979904,1
curated:006,3,shared:040,1.27894253242,1
curated:006,4,curated:004,1.98357572547,1
curated:006,5,core:cross-fractal,1.98364505871,1
curated:006,6,curated:021,2.28057574449,1
curated:006,7,curated:010,2.34350069349,1
curated:006,8,shared:273,2.4037556717,1
curated:007,1,shared:040,1.02226894362,1
curated:007,2,curated:006,1.04313979904,1
curated:007,3,curated:010,1.35465225816,1
curated:007,4,curated:005,1.48984418873,1
curated:007,5,curated:004,2.15454533314,1
curated:007,6,core:cross-fractal,2.15459598181,1
curated:007,7,shared:104,2.20875719619,1
curated:007,8,shared:060,2.29783093208,1
curated:008,1,curated:001,0.0283132693688,1
curated:008,2,core:toxic-goo,0.875659049723,1
curated:008,3,shared:124,1.178238369,1
curated:008,4,shared:274,1.23031920431,1
curated:008,5,shared:060,1.52757740931,1
curated:008,6,curated:010,1.89551078581,1
curated:008,7,shared:104,2.11415140693,1
curated:008,8,shared:241,2.15925499356,1
curated:009,1,shared:033,9.1787463311,0
curated:009,2,shared:198,9.70507626274,1
curated:009,3,shared:130,11.9720274766,1
curated:009,4,shared:072,12.2165008464,0
curated:009,5,shared:131,12.5305049705,0
curated:009,6,shared:140,12.5890637601,1
curated:009,7,shared:212,12.618643995,0
curated:009,8,shared:145,12.6377968558,1
curated:010,1,shared:060,1.28125473949,1
curated:010,2,shared:124,1.3506381963,1
curated:010,3,curated:007,1.35465225816,1
curated:010,4,shared:104,1.54196865177,1
curated:010,5,shared:040,1.62884613741,1
curated:010,6,shared:241,1.68471120512,1
curated:010,7,shared:059,1.8562880357,1
curated:010,8,core:toxic-goo,1.88171804386,1
curated:011,1,shared:078,6.01717072735,1
curated:011,2,shared:067,10.0926659011,1
curated:011,3,shared:274,11.4105377283,1
curated:011,4,curated:001,11.423945068,1
curated:011,5,curated:008,11.4282986283,1
curated:011,6,shared:216,11.658328765,1
curated:011,7,shared:309,11.6626892318,1
curated:011,8,shared:215,11.6677714052,1
curated:012,1,shared:280,2.10710910211,1
curated:012,2,curated:029,2.2393549773,1
curated:012,3,shared:281,2.68304735108,1
curated:012,4,shared:279,3.1173113229,1
curated:012,5,shared:276,3.12020625348,1
curated:012,6,curated:028,3.13850350482,1
curated:012,7,shared:278,3.16279525388,1
curated:012,8,shared:302,4.21386058726,1
curated:013,1,curated:015,1.83965576597,1
curated:013,2,shared:179,7.9908791249,1
curated:013,3,shared:048,9.88182758348,1
curated:013,4,shared:045,10.0003308305,1
curated:013,5,curated:017,10.6979813123,1
curated:013,6,shared:204,10.8307278857,1
curated:013,7,shared:208,10.8992448843,1
curated:013,8,shared:043,10.9187309605,1
curated:015,1,curated:013,1.83965576597,1
curated:015,2,shared:179,6.40422351635,1
curated:015,3,shared:048,8.28612457055,1
curated:015,4,shared:045,8.34778234507,1
curated:015,5,curated:017,8.92267514672,1
curated:015,6,shared:204,9.13388196177,1
curated:015,7,shared:043,9.1425090101,1
curated:015,8,shared:086,9.2525972611,1
curated:016,1,shared:046,2.00762386337,1
curated:016,2,shared:044,2.64737616405,1
curated:016,3,shared:197,2.65311177055,1
curated:016,4,curated:022,2.70574226278,1
curated:016,5,shared:218,2.7220469173,1
curated:016,6,shared:295,2.7439368293,1
curated:016,7,shared:195,2.74883230969,1
curated:016,8,curated:018,2.7531735982,1
curated:017,1,shared:042,1.82512905281,1
curated:017,2,shared:032,1.99583758175,1
curated:017,3,shared:043,2.06521310064,1
curated:017,4,shared:034,2.13326512645,1
curated:017,5,shared:081,2.61912872272,1
curated:017,6,curated:018,2.70994240881,1
curated:017,7,shared:111,3.00501409057,1
curated:017,8,shared:089,3.02977107617,1
curated:018,1,shared:034,2.55819119865,1
curated:018,2,shared:042,2.56956707667,1
curated:018,3,shared:032,2.6847196898,1
curated:018,4,curated:017,2.70994240881,1
curated:018,5,curated:016,2.7531735982,1
curated:018,6,shared:089,2.80252128977,1
curated:018,7,shared:192,2.87977754493,1
curated:018,8,shared:081,2.9614263844,1
curated:019,1,core:swirls,0.575745665522,1
curated:019,2,shared:120,1.55701423331,1
curated:019,3,core:nova,1.56384201624,1
curated:019,4,shared:037,1.59664423645,1
curated:019,5,shared:213,1.64016684047,1
curated:019,6,shared:107,1.75703706232,1
curated:019,7,shared:109,1.84901028966,1
curated:019,8,shared:041,2.33000943304,1
curated:021,1,curated:004,1.4589604924,1
curated:021,2,core:cross-fractal,1.45897196618,1
curated:021,3,curated:005,1.70870056653,1
curated:021,4,shared:197,1.78070132141,1
curated:021,5,shared:058,2.00015519213,1
curated:021,6,shared:119,2.08926727772,1
curated:021,7,shared:123,2.12722820965,1
curated:021,8,shared:040,2.13006185008,1
curated:022,1,curated:004,2.27105801036,1
curated:022,2,core:cross-fractal,2.27106203999,1
curated:022,3,curated:021,2.29898452493,1
curated:022,4,shared:046,2.3494821488,1
curated:022,5,curated:005,2.49646643312,1
curated:022,6,shared:197,2.65141966654,1
curated:022,7,curated:016,2.70574226278,1
curated:022,8,shared:040,2.86185005736,1
curated:028,1,shared:279,0.0275264885308,1
curated:028,2,shared:280,1.56155007699,1
curated:028,3,curated:012,3.13850350482,1
curated:028,4,curated:029,3.2280835178,1
curated:028,5,shared:276,4.79784923544,1
curated:028,6,shared:281,4.98312446279,1
curated:028,7,shared:278,5.0020637132,1
curated:028,8,shared:302,5.70441396387,1
curated:029,1,curated:012,2.2393549773,1
curated:029,2,shared:280,2.34339977953,1
curated:029,3,shared:281,3.04420806815,1
curated:029,4,shared:279,3.20725452788,1
curated:029,5,shared:276,3.20818473555,1
curated:029,6,curated:028,3.2280835178,1
curated:029,7,shared:278,3.2622186553,1
curated:029,8,shared:302,4.25844402721,1
shared:030,1,shared:036,2.74609047922,1
shared:030,2,shared:105,3.10722068172,1
shared:030,3,shared:307,4.48956751936,1
shared:030,4,shared:196,4.68297001656,1
shared:030,5,shared:170,4.8204003081,1
shared:030,6,shared:135,4.90509040959,1
shared:030,7,shared:224,5.34985477251,1
shared:030,8,shared:072,5.47832495865,1
shared:031,1,shared:214,2.40004084874,1
shared:031,2,shared:264,2.43750556516,1
shared:031,3,shared:088,2.50660499703,1
shared:031,4,shared:075,2.50834429986,1
shared:031,5,shared:172,2.60113412607,1
shared:031,6,shared:103,2.60147003404,1
shared:031,7,shared:221,2.72566873493,1
shared:031,8,shared:034,2.74034630653,1
shared:032,1,shared:034,0.365736780513,1
shared:032,2,shared:042,0.664920725408,1
shared:032,3,curated:017,1.99583758175,1
shared:032,4,shared:043,2.0997858872,1
shared:032,5,shared:111,2.2235463781,1
shared:032,6,shared:089,2.34859312206,1
shared:032,7,shared:271,2.47270975959,1
shared:032,8,shared:081,2.67290923762,1
shared:033,1,shared:072,6.00001488155,1
shared:033,2,shared:177,6.0213911612,1
shared:033,3,shared:258,6.02730392503,1
shared:033,4,shared:178,6.25644295155,1
shared:033,5,shared:224,6.77748142446,1
shared:033,6,shared:038,6.79084099087,1
shared:033,7,shared:196,6.86261541315,1
shared:033,8,shared:168,6.87148600859,1
shared:034,1,shared:032,0.365736780513,1
shared:034,2,shared:042,0.677633858572,1
shared:034,3,shared:043,2.12889045299,1
shared:034,4,curated:017,2.13326512645,1
shared:034,5,shared:111,2.16219276414,1
shared:034,6,shared:089,2.20944241748,1
shared:034,7,shared:271,2.36264789657,1
shared:034,8,shared:172,2.49938392312,1
shared:035,1,shared:098,13.6768178124,0
shared:035,2,shared:099,14.1516755604,0
shared:035,3,shared:282,14.602242514,0
shared:035,4,shared:110,14.6449126908,0
shared:035,5,shared:100,15.0062311119,0
shared:035,6,shared:152,15.6537660603,0
shared:035,7,shared:253,16.0105223051,0
shared:035,8,shared:130,16.4213562008,1
shared:036,1,shared:105,1.3582946822,1
shared:036,2,shared:030,2.74609047922,1
shared:036,3,shared:307,2.81432081257,1
shared:036,4,shared:135,3.41170719702,1
shared:036,5,shared:196,4.37507727028,1
shared:036,6,shared:296,4.60889558692,1
shared:036,7,shared:170,4.63997461697,1
shared:036,8,shared:175,4.65390467092,1
shared:037,1,core:nova,0.147489092155,1
shared:037,2,shared:120,0.186450258176,1
shared:037,3,shared:213,0.304513326955,1
shared:037,4,shared:107,0.491140992647,1
shared:037,5,shared:109,0.569594272356,1
shared:037,6,curated:019,1.59664423645,1
shared:037,7,shared:142,1.75713876515,1
shared:037,8,core:swirls,1.81290232906,1
shared:038,1,shared:039,0.304253172001,1
shared:038,2,shared:168,2.58154634535,1
shared:038,3,shared:273,3.267573107,1
shared:038,4,shared:269,3.46046789361,1
shared:038,5,curated:006,3.71992739798,1
shared:038,6,shared:226,3.90657326106,1
shared:038,7,curated:007,4.07448136269,1
shared:038,8,shared:113,4.31590176156,1
shared:039,1,shared:038,0.304253172001,1
shared:039,2,shared:168,2.47280335731,1
shared:039,3,shared:273,3.1188891446,1
shared:039,4,shared:269,3.44960288434,1
shared:039,5,curated:006,3.57160567195,1
shared:039,6,shared:226,3.80631912711,1
shared:039,7,curated:007,3.86831808939,1
shared:039,8,shared:113,4.1339521583,1
shared:040,1,curated:007,1.02226894362,1
shared:040,2,curated:005,1.20139545723,1
shared:040,3,curated:006,1.27894253242,1
shared:040,4,curated:004,1.57305815372,1
shared:040,5,core:cross-fractal,1.57310138946,1
shared:040,6,curated:010,1.62884613741,1
shared:040,7,shared:104,1.90173153623,1
shared:040,8,shared:059,1.9307418606,1
shared:041,1,core:swirls,2.30933214806,1
shared:041,2,curated:019,2.33000943304,1
shared:041,3,shared:120,2.47420996089,1
shared:041,4,shared:213,2.50441895184,1
shared:041,5,shared:109,2.50976523665,1
shared:041,6,core:nova,2.52308060218,1
shared:041,7,shared:107,2.53086932235,1
shared:041,8,shared:037,2.53676642951,1
shared:042,1,shared:032,0.664920725408,1
shared:042,2,shared:034,0.677633858572,1
shared:042,3,shared:043,1.61176259477,1
shared:042,4,curated:017,1.82512905281,1
shared:042,5,shared:111,2.1659501339,1
shared:042,6,shared:089,2.24482690342,1
shared:042,7,shared:271,2.4056187031,1
shared:042,8,shared:081,2.56080552596,1
shared:043,1,shared:042,1.61176259477,1
shared:043,2,curated:017,2.06521310064,1
shared:043,3,shared:032,2.0997858872,1
shared:043,4,shared:034,2.12889045299,1
shared:043,5,shared:111,2.76463014076,1
shared:043,6,shared:167,2.7885868869,1
shared:043,7,shared:271,2.86280391674,1
shared:043,8,shared:187,2.86463208972,1
shared:044,1,shared:207,1.00803539705,1
shared:044,2,shared:221,1.40737290438,1
shared:044,3,shared:218,1.45258693657,1
shared:044,4,shared:195,1.4853846058,1
shared:044,5,shared:103,1.57520094899,1
shared:044,6,shared:075,1.58032225745,1
shared:044,7,shared:088,1.58414065176,1
shared:044,8,shared:193,1.77682284625,1
shared:045,1,shared:048,1.97201810183,1
shared:045,2,shared:187,2.3475810563,1
shared:045,3,shared:043,3.40707091924,1
shared:045,4,shared:271,3.70073223311,1
shared:045,5,shared:073,3.71027690408,1
shared:045,6,curated:017,3.7193020964,1
shared:045,7,shared:086,3.74114234745,1
shared:045,8,shared:081,3.84198701416,1
shared:046,1,curated:016,2.00762386337,1
shared:046,2,shared:291,2.07907021669,1
shared:046,3,shared:194,2.07907593895,1
shared:046,4,shared:290,2.09286148592,1
shared:046,5,shared:289,2.09663861948,1
shared:046,6,shared:303,2.11752802822,1
shared:046,7,shared:287,2.11756486706,1
shared:046,8,shared:197,2.11879829008,1
shared:047,1,shared:042,2.96575044857,1
shared:047,2,shared:043,3.02120709973,1
shared:047,3,shared:192,3.02403572597,1
shared:047,4,shared:271,3.14993816451,1
shared:047,5,shared:034,3.1908035832,1
shared:047,6,shared:228,3.24456296156,1
shared:047,7,shared:032,3.27742299979,1
shared:047,8,shared:190,3.3360466831,1
shared:048,1,shared:045,1.97201810183,1
shared:048,2,shared:187,3.4721859553,1
shared:048,3,shared:086,3.99682733096,1
shared:048,4,shared:073,4.10247527285,1
shared:048,5,shared:043,4.18380811696,1
shared:048,6,shared:047,4.32228177935,1
shared:048,7,shared:179,4.4124674576,1
shared:048,8,shared:271,4.53143621915,1
shared:049,1,shared:050,0.0640000265447,1
shared:049,2,shared:061,0.173411386205,1
shared:049,3,shared:051,1.08549975378,1
shared:049,4,shared:052,1.08558125009,1
shared:049,5,shared:053,1.08675447122,1
shared:049,6,shared:069,1.11031888284,1
shared:049,7,shared:054,1.20127218609,1
shared:049,8,shared:071,1.25090781053,1
shared:050,1,shared:049,0.0640000265447,1
shared:050,2,shared:061,0.161955014752,1
shared:050,3,shared:052,1.0730816072,1
shared:050,4,shared:051,1.0732007062,1
shared:050,5,shared:053,1.07379452158,1
shared:050,6,shared:069,1.091588806,1
shared:050,7,shared:054,1.18170966968,1
shared:050,8,shared:071,1.24701466436,1
shared:051,1,shared:052,0.00657688783603,1
shared:051,2,shared:053,0.0222011784743,1
shared:051,3,shared:069,0.209295377742,1
shared:051,4,shared:054,0.508663994763,1
shared:051,5,shared:093,0.705029114348,1
shared:051,6,shared:061,1.01928056614,1
shared:051,7,shared:050,1.0732007062,1
shared:051,8,shared:049,1.08549975378,1
shared:052,1,shared:051,0.00657688783603,1
shared:052,2,shared:053,0.0160689830361,1
shared:052,3,shared:069,0.206796630248,1
shared:052,4,shared:054,0.508589066537,1
shared:052,5,shared:093,0.705313650835,1
shared:052,6,shared:061,1.01928392918,1
shared:052,7,shared:050,1.0730816072,1
shared:052,8,shared:049,1.08558125009,1
shared:053,1,shared:052,0.0160689830361,1
shared:053,2,shared:051,0.0222011784743,1
shared:053,3,shared:069,0.202114130382,1
shared:053,4,shared:054,0.509118776346,1
shared:053,5,shared:093,0.705779417832,1
shared:053,6,shared:061,1.02032812559,1
shared:053,7,shared:050,1.07379452158,1
shared:053,8,shared:049,1.08675447122,1
shared:054,1,shared:069,0.500573795027,1
shared:054,2,shared:052,0.508589066537,1
shared:054,3,shared:051,0.508663994763,1
shared:054,4,shared:053,0.509118776346,1
shared:054,5,shared:093,0.686950058913,1
shared:054,6,shared:070,0.927406121742,1
shared:054,7,shared:061,1.09192959799,1
shared:054,8,shared:050,1.18170966968,1
shared:055,1,shared:228,1.31431940546,1
shared:055,2,shared:176,2.42967474064,1
shared:055,3,shared:190,2.71735272272,1
shared:055,4,shared:064,2.717903757,1
shared:055,5,shared:063,2.73982741958,1
shared:055,6,shared:266,2.82443825105,1
shared:055,7,shared:286,2.84919487429,1
shared:055,8,shared:163,2.87528599835,1
shared:058,1,shared:059,0.238336639833,1
shared:058,2,shared:123,0.247964154362,1
shared:058,3,shared:104,1.10128316613,1
shared:058,4,shared:162,1.12365532337,1
shared:058,5,shared:060,1.21008229419,1
shared:058,6,shared:241,1.55563853077,1
shared:058,7,core:cross-fractal,1.55862828521,1
shared:058,8,curated:004,1.55866538567,1
shared:059,1,shared:123,0.116053865985,1
shared:059,2,shared:058,0.238336639833,1
shared:059,3,shared:162,1.06116282497,1
shared:059,4,shared:060,1.08956650707,1
shared:059,5,shared:104,1.09923140955,1
shared:059,6,shared:241,1.55660099,1
shared:059,7,core:cross-fractal,1.6337256897,1
shared:059,8,curated:004,1.63376002686,1
shared:060,1,shared:124,0.889598284847,1
shared:060,2,shared:059,1.08956650707,1
shared:060,3,shared:104,1.18345386889,1
shared:060,4,shared:123,1.19428756346,1
shared:060,5,shared:058,1.21008229419,1
shared:060,6,core:toxic-goo,1.2622362093,1
shared:060,7,curated:010,1.28125473949,1
shared:060,8,shared:162,1.43194657552,1
shared:061,1,shared:050,0.161955014752,1
shared:061,2,shared:049,0.173411386205,1
shared:061,3,shared:051,1.01928056614,1
shared:061,4,shared:052,1.01928392918,1
shared:061,5,shared:053,1.02032812559,1
shared:061,6,shared:069,1.03983356252,1
shared:061,7,shared:054,1.09192959799,1
shared:061,8,shared:093,1.19441723296,1
shared:062,1,shared:069,2.00493603778,1
shared:062,2,shared:093,2.03194282061,1
shared:062,3,shared:053,2.05181374012,1
shared:062,4,shared:052,2.05873033526,1
shared:062,5,shared:051,2.06187741226,1
shared:062,6,shared:087,2.0777650945,1
shared:062,7,shared:054,2.10674907226,1
shared:062,8,shared:063,2.14825088755,1
shared:063,1,shared:064,0.102369386142,1
shared:063,2,shared:087,1.13256360314,1
shared:063,3,shared:066,1.13531076767,1
shared:063,4,shared:065,1.25166484232,1
shared:063,5,shared:136,1.60184859512,1
shared:063,6,shared:096,1.94867909124,1
shared:063,7,shared:095,1.99199723933,1
shared:063,8,shared:094,2.0250667894,1
shared:064,1,shared:063,0.102369386142,1
shared:064,2,shared:066,1.11347272036,1
shared:064,3,shared:087,1.13834122891,1
shared:064,4,shared:065,1.27310133052,1
shared:064,5,shared:136,1.59011096794,1
shared:064,6,shared:096,1.95946851453,1
shared:064,7,shared:095,2.02631994199,1
shared:064,8,shared:094,2.05766203594,1
shared:065,1,shared:087,0.91412344716,1
shared:065,2,shared:063,1.25166484232,1
shared:065,3,shared:064,1.27310133052,1
shared:065,4,shared:066,1.39449427573,1
shared:065,5,shared:136,2.17540808524,1
shared:065,6,shared:062,2.20160571627,1
shared:065,7,shared:094,2.2149389323,1
shared:065,8,shared:095,2.2405903557,1
shared:066,1,shared:064,1.11347272036,1
shared:066,2,shared:063,1.13531076767,1
shared:066,3,shared:087,1.35955448479,1
shared:066,4,shared:065,1.39449427573,1
shared:066,5,shared:286,1.79417633353,1
shared:066,6,shared:136,1.91077093716,1
shared:066,7,shared:096,2.30881762619,1
shared:066,8,shared:062,2.44760005935,1
shared:067,1,shared:039,6.2730140689,1
shared:067,2,shared:038,6.41223774392,1
shared:067,3,shared:168,6.8587199395,1
shared:067,4,shared:125,7.03094244215,1
shared:067,5,shared:097,7.13981100417,1
shared:067,6,shared:095,7.24843701878,1
shared:067,7,shared:094,7.41544352162,1
shared:067,8,shared:132,7.43151573467,1
shared:068,1,shared:111,2.82444060551,1
shared:068,2,shared:163,2.9212404288,1
shared:068,3,shared:134,3.29391318905,1
shared:068,4,shared:091,3.33314287627,1
shared:068,5,shared:092,3.39123619985,1
shared:068,6,shared:090,3.61628569111,1
shared:068,7,shared:306,3.61684140007,1
shared:068,8,shared:167,3.6382010609,1
shared:069,1,shared:053,0.202114130382,1
shared:069,2,shared:052,0.206796630248,1
shared:069,3,shared:051,0.209295377742,1
shared:069,4,shared:054,0.500573795027,1
shared:069,5,shared:093,0.710319556952,1
shared:069,6,shared:061,1.03983356252,1
shared:069,7,shared:050,1.091588806,1
shared:069,8,shared:049,1.11031888284,1
shared:070,1,shared:054,0.927406121742,1
shared:070,2,shared:093,1.28254114194,1
shared:070,3,shared:069,1.36046530336,1
shared:070,4,shared:052,1.4086997075,1
shared:070,5,shared:051,1.4087326109,1
shared:070,6,shared:053,1.40920156045,1
shared:070,7,shared:061,1.67439386008,1
shared:070,8,shared:050,1.78289654651,1
shared:071,1,shared:061,1.20544071697,1
shared:071,2,shared:050,1.24701466436,1
shared:071,3,shared:049,1.25090781053,1
shared:071,4,shared:054,1.58317025407,1
shared:071,5,shared:051,1.67957613013,1
shared:071,6,shared:052,1.67967570015,1
shared:071,7,shared:053,1.68115827485,1
shared:071,8,shared:093,1.70545527374,1
shared:072,1,shared:030,5.47832495865,1
shared:072,2,shared:196,5.53948359453,1
shared:072,3,shared:038,5.62052226841,1
shared:072,4,shared:039,5.67940542018,1
shared:072,5,shared:168,5.91840565511,1
shared:072,6,shared:033,6.00001488155,1
shared:072,7,shared:036,6.45812466032,1
shared:072,8,shared:273,6.48539871698,1
shared:073,1,shared:086,1.03186261832,1
shared:073,2,shared:074,1.42808106979,1
shared:073,3,shared:082,1.80575273886,1
shared:073,4,shared:083,1.8252158025,1
shared:073,5,shared:081,2.4637124412,1
shared:073,6,shared:085,2.82354412222,1
shared:073,7,shared:092,2.90018679787,1
shared:073,8,shared:111,2.99899512034,1
shared:074,1,shared:082,1.11692028809,1
shared:074,2,shared:083,1.13110934336,1
shared:074,3,shared:073,1.42808106979,1
shared:074,4,shared:086,1.88028964067,1
shared:074,5,shared:085,2.4154855174,1
shared:074,6,shared:092,2.54711227675,1
shared:074,7,shared:050,2.80557619715,1
shared:074,8,shared:049,2.84571206961,1
shared:075,1,shared:088,0.0294941168327,1
shared:075,2,shared:103,0.287907767989,1
shared:075,3,shared:221,0.88457145019,1
shared:075,4,shared:172,1.12191860007,1
shared:075,5,shared:207,1.4952352221,1
shared:075,6,shared:044,1.58032225745,1
shared:075,7,shared:241,1.80121391329,1
shared:075,8,shared:214,1.91745326484,1
shared:078,1,curated:011,6.01717072735,1
shared:078,2,shared:067,11.6736396608,1
shared:078,3,shared:309,13.6175557456,1
shared:078,4,curated:001,14.1949866382,1
shared:078,5,curated:008,14.1973797588,1
shared:078,6,shared:100,14.211103199,1
shared:078,7,shared:274,14.2227141633,1
shared:078,8,core:toxic-goo,14.2978838893,1
shared:079,1,core:undulating,0.0043809147609,1
shared:079,2,shared:121,0.381705507959,1
shared:079,3,shared:122,0.608673985162,1
shared:079,4,curated:003,0.636163077417,1
shared:079,5,shared:183,1.88349086068,1
shared:079,6,shared:115,1.90579205657,1
shared:079,7,shared:116,1.97976575218,1
shared:079,8,shared:118,1.99047537607,1
shared:080,1,shared:281,3.41214339161,1
shared:080,2,shared:175,3.76771788493,1
shared:080,3,shared:135,3.77044993033,1
shared:080,4,shared:296,3.80074013431,1
shared:080,5,shared:161,4.12055521902,1
shared:080,6,shared:173,4.14234314177,1
shared:080,7,shared:203,4.14442171009,1
shared:080,8,shared:278,4.15504807101,1
shared:081,1,shared:084,1.6970707976,1
shared:081,2,shared:271,2.16448761565,1
shared:081,3,shared:089,2.19994003349,1
shared:081,4,shared:073,2.4637124412,1
shared:081,5,shared:111,2.53252108734,1
shared:081,6,shared:042,2.56080552596,1
shared:081,7,shared:034,2.59850951436,1
shared:081,8,shared:171,2.60334834279,1
shared:082,1,shared:083,0.67368581208,1
shared:082,2,shared:074,1.11692028809,1
shared:082,3,shared:073,1.80575273886,1
shared:082,4,shared:086,2.39906970387,1
shared:082,5,shared:092,2.56047422741,1
shared:082,6,shared:084,2.71565705416,1
shared:082,7,shared:081,2.76684752745,1
shared:082,8,shared:186,2.82927248307,1
shared:083,1,shared:082,0.67368581208,1
shared:083,2,shared:074,1.13110934336,1
shared:083,3,shared:073,1.8252158025,1
shared:083,4,shared:086,2.37507780098,1
shared:083,5,shared:092,2.43778307191,1
shared:083,6,shared:081,2.61294379481,1
shared:083,7,shared:084,2.65763373439,1
shared:083,8,shared:186,2.92627250916,1
shared:084,1,shared:081,1.6970707976,1
shared:084,2,shared:171,2.29911643735,1
shared:084,3,shared:144,2.40066609275,1
shared:084,4,shared:143,2.42684417097,1
shared:084,5,shared:127,2.48976531114,1
shared:084,6,shared:126,2.49375485401,1
shared:084,7,shared:271,2.51474084507,1
shared:084,8,shared:083,2.65763373439,1
shared:085,1,shared:074,2.4154855174,1
shared:085,2,shared:050,2.4755780945,1
shared:085,3,shared:049,2.48629361593,1
shared:085,4,shared:061,2.55550808033,1
shared:085,5,shared:086,2.59717826378,1
shared:085,6,shared:069,2.73613851492,1
shared:085,7,shared:053,2.75843915941,1
shared:085,8,shared:052,2.76158964626,1
shared:086,1,shared:073,1.03186261832,1
shared:086,2,shared:074,1.88028964067,1
shared:086,3,shared:083,2.37507780098,1
shared:086,4,shared:082,2.39906970387,1
shared:086,5,shared:085,2.59717826378,1
shared:086,6,shared:204,2.90893120402,1
shared:086,7,shared:081,3.09446166813,1
shared:086,8,shared:092,3.25662678116,1
shared:087,1,shared:065,0.91412344716,1
shared:087,2,shared:063,1.13256360314,1
shared:087,3,shared:064,1.13834122891,1
shared:087,4,shared:066,1.35955448479,1
shared:087,5,shared:062,2.0777650945,1
shared:087,6,shared:136,2.13253746187,1
shared:087,7,shared:132,2.27048295684,1
shared:087,8,shared:094,2.33032000619,1
shared:088,1,shared:075,0.0294941168327,1
shared:088,2,shared:103,0.28777707678,1
shared:088,3,shared:221,0.881596996043,1
shared:088,4,shared:172,1.1206450199,1
shared:088,5,shared:207,1.49395541319,1
shared:088,6,shared:044,1.58414065176,1
shared:088,7,shared:241,1.79225608104,1
shared:088,8,shared:214,1.90314055775,1
shared:089,1,shared:306,1.75027057771,1
shared:089,2,shared:090,1.75085787568,1
shared:089,3,shared:271,2.0858178481,1
shared:089,4,shared:172,2.12621216735,1
shared:089,5,shared:081,2.19994003349,1
shared:089,6,shared:088,2.20215251775,1
shared:089,7,shared:075,2.2037227715,1
shared:089,8,shared:192,2.20796576677,1
shared:090,1,shared:306,0.00235167201749,1
shared:090,2,shared:091,1.27933600885,1
shared:090,3,shared:134,1.29130680312,1
shared:090,4,shared:092,1.69068686243,1
shared:090,5,shared:089,1.75085787568,1
shared:090,6,shared:214,2.08848761524,1
shared:090,7,shared:192,2.24434781414,1
shared:090,8,shared:155,2.2605400818,1
shared:091,1,shared:134,0.090631212481,1
shared:091,2,shared:092,1.01760393218,1
shared:091,3,shared:090,1.27933600885,1
shared:091,4,shared:306,1.28063457917,1
shared:091,5,shared:163,2.37772840779,1
shared:091,6,shared:089,2.42292663543,1
shared:091,7,shared:286,2.62468727825,1
shared:091,8,shared:064,2.67070288359,1
shared:092,1,shared:091,1.01760393218,1
shared:092,2,shared:134,1.01999970175,1
shared:092,3,shared:090,1.69068686243,1
shared:092,4,shared:306,1.69164420986,1
shared:092,5,shared:064,2.41469106162,1
shared:092,6,shared:063,2.43251300295,1
shared:092,7,shared:083,2.43778307191,1
shared:092,8,shared:087,2.46584844823,1
shared:093,1,shared:054,0.686950058913,1
shared:093,2,shared:051,0.705029114348,1
shared:093,3,shared:052,0.705313650835,1
shared:093,4,shared:053,0.705779417832,1
shared:093,5,shared:069,0.710319556952,1
shared:093,6,shared:061,1.19441723296,1
shared:093,7,shared:050,1.27484452116,1
shared:093,8,shared:070,1.28254114194,1
shared:094,1,shared:095,0.529171043428,1
shared:094,2,shared:136,1.55967834304,1
shared:094,3,shared:132,1.86476407728,1
shared:094,4,shared:096,1.95325386612,1
shared:094,5,shared:097,2.00650017807,1
shared:094,6,shared:125,2.02045988159,1
shared:094,7,shared:063,2.0250667894,1
shared:094,8,shared:064,2.05766203594,1
shared:095,1,shared:094,0.529171043428,1
shared:095,2,shared:136,1.4776289438,1
shared:095,3,shared:096,1.83145067128,1
shared:095,4,shared:132,1.85739823696,1
shared:095,5,shared:097,1.90393244502,1
shared:095,6,shared:125,1.92379153424,1
shared:095,7,shared:063,1.99199723933,1
shared:095,8,shared:064,2.02631994199,1
shared:096,1,shared:097,1.07798518742,1
shared:096,2,shared:125,1.23639874445,1
shared:096,3,shared:136,1.53647483419,1
shared:096,4,shared:095,1.83145067128,1
shared:096,5,shared:132,1.85557039373,1
shared:096,6,shared:063,1.94867909124,1
shared:096,7,shared:094,1.95325386612,1
shared:096,8,shared:064,1.95946851453,1
shared:097,1,shared:125,0.458001401571,1
shared:097,2,shared:096,1.07798518742,1
shared:097,3,shared:136,1.5719859218,1
shared:097,4,shared:132,1.73796928802,1
shared:097,5,shared:095,1.90393244502,1
shared:097,6,shared:094,2.00650017807,1
shared:097,7,shared:063,2.30914923845,1
shared:097,8,shared:064,2.30928696888,1
shared:098,1,shared:099,0.711494550986,1
shared:098,2,shared:110,1.56948962268,1
shared:098,3,shared:100,2.07752274217,1
shared:098,4,shared:152,3.34015827676,1
shared:098,5,shared:106,4.46440169759,1
shared:098,6,shared:065,4.57138370406,1
shared:098,7,shared:113,4.74850535265,1
shared:098,8,shared:125,4.76358826527,1
shared:099,1,shared:098,0.711494550986,1
shared:099,2,shared:110,1.10430248025,1
shared:099,3,shared:100,1.93256910799,1
shared:099,4,shared:152,3.20973500553,1
shared:099,5,shared:106,3.92363907887,1
shared:099,6,shared:065,4.09272827313,1
shared:099,7,shared:113,4.24015920396,1
shared:099,8,shared:125,4.27209731168,1
shared:100,1,shared:099,1.93256910799,1
shared:100,2,shared:098,2.07752274217,1
shared:100,3,shared:110,2.18067332636,1
shared:100,4,shared:152,2.98861322658,1
shared:100,5,shared:125,4.056056529,1
shared:100,6,shared:106,4.1367466582,1
shared:100,7,shared:095,4.23124733621,1
shared:100,8,shared:097,4.24124014835,1
shared:101,1,shared:102,0.693830146953,1
shared:101,2,shared:069,2.89189813889,1
shared:101,3,shared:053,2.90159019625,1
shared:101,4,shared:052,2.9038607176,1
shared:101,5,shared:051,2.90491714567,1
shared:101,6,shared:093,3.00972717449,1
shared:101,7,shared:050,3.0115482118,1
shared:101,8,shared:054,3.01613080094,1
shared:102,1,shared:101,0.693830146953,1
shared:102,2,shared:069,2.66238325686,1
shared:102,3,shared:053,2.68564269556,1
shared:102,4,shared:052,2.68977345645,1
shared:102,5,shared:051,2.69153653056,1
shared:102,6,shared:054,2.78505609862,1
shared:102,7,shared:093,2.79579735109,1
shared:102,8,shared:050,2.83790227949,1
shared:103,1,shared:088,0.28777707678,1
shared:103,2,shared:075,0.287907767989,1
shared:103,3,shared:221,0.85507282516,1
shared:103,4,shared:172,1.12249889022,1
shared:103,5,shared:207,1.42681099021,1
shared:103,6,shared:044,1.57520094899,1
shared:103,7,shared:241,1.82406724906,1
shared:103,8,shared:218,1.90035062945,1
shared:104,1,shared:241,0.94404190582,1
shared:104,2,shared:059,1.09923140955,1
shared:104,3,shared:058,1.10128316613,1
shared:104,4,shared:123,1.16784398089,1
shared:104,5,shared:060,1.18345386889,1
shared:104,6,shared:162,1.29780944144,1
shared:104,7,shared:221,1.48526882873,1
shared:104,8,curated:010,1.54196865177,1
shared:105,1,shared:036,1.3582946822,1
shared:105,2,shared:135,2.42665660379,1
shared:105,3,shared:307,2.52141527816,1
shared:105,4,shared:030,3.10722068172,1
shared:105,5,shared:196,3.86341859403,1
shared:105,6,shared:296,3.95806560835,1
shared:105,7,shared:175,4.06616085158,1
shared:105,8,shared:288,4.10603465912,1
shared:106,1,shared:252,1.1001809754,1
shared:106,2,shared:112,1.12159372944,1
shared:106,3,shared:113,1.12592447185,1
shared:106,4,shared:232,1.68834143572,1
shared:106,5,shared:156,2.58797065025,1
shared:106,6,curated:002,2.65748591599,1
shared:106,7,shared:125,2.70200272778,1
shared:106,8,shared:040,2.79539439157,1
shared:107,1,shared:109,0.268811170848,1
shared:107,2,shared:037,0.491140992647,1
shared:107,3,shared:213,0.49668863,1
shared:107,4,shared:120,0.554748049873,1
shared:107,5,core:nova,0.573597869069,1
shared:107,6,shared:142,1.64306764808,1
shared:107,7,curated:019,1.75703706232,1
shared:107,8,core:swirls,1.96373394063,1
shared:109,1,shared:107,0.268811170848,1
shared:109,2,shared:213,0.54028775604,1
shared:109,3,shared:037,0.569594272356,1
shared:109,4,shared:120,0.611314551901,1
shared:109,5,core:nova,0.649761799785,1
shared:109,6,shared:142,1.54520553793,1
shared:109,7,curated:019,1.84901028966,1
shared:109,8,shared:154,1.95520760054,1
shared:110,1,shared:099,1.10430248025,1
shared:110,2,shared:098,1.56948962268,1
shared:110,3,shared:100,2.18067332636,1
shared:110,4,shared:152,3.31931157193,1
shared:110,5,shared:106,3.6845765185,1
shared:110,6,shared:065,3.82569323413,1
shared:110,7,shared:125,3.97024446071,1
shared:110,8,shared:113,3.99261033206,1
shared:111,1,shared:034,2.16219276414,1
shared:111,2,shared:042,2.1659501339,1
shared:111,3,shared:032,2.2235463781,1
shared:111,4,shared:271,2.3861985096,1
shared:111,5,shared:306,2.52624652075,1
shared:111,6,shared:090,2.52649234531,1
shared:111,7,shared:081,2.53252108734,1
shared:111,8,shared:089,2.57803999676,1
shared:112,1,shared:252,0.959632945146,1
shared:112,2,shared:232,0.993274745037,1
shared:112,3,shared:113,1.01095969086,1
shared:112,4,shared:106,1.12159372944,1
shared:112,5,shared:156,2.39949673954,1
shared:112,6,shared:286,2.52944017838,1
shared:112,7,shared:040,2.58261796977,1
shared:112,8,shared:227,2.5835833539,1
shared:113,1,shared:252,0.132491330295,1
shared:113,2,shared:112,1.01095969086,1
shared:113,3,shared:106,1.12592447185,1
shared:113,4,shared:232,1.70144114857,1
shared:113,5,shared:125,2.64637326409,1
shared:113,6,shared:136,2.68992263045,1
shared:113,7,curated:007,2.78357393921,1
shared:113,8,shared:097,2.79072333163,1
shared:115,1,shared:116,0.565712151268,1
shared:115,2,shared:183,1.09247207685,1
shared:115,3,shared:118,1.15000067387,1
shared:115,4,shared:182,1.47844710026,1
shared:115,5,shared:117,1.50125290425,1
shared:115,6,shared:122,1.90428540533,1
shared:115,7,core:undulating,1.90543596172,1
shared:115,8,shared:079,1.90579205657,1
shared:116,1,shared:115,0.565712151268,1
shared:116,2,shared:183,1.21088803981,1
shared:116,3,shared:118,1.47482744933,1
shared:116,4,shared:182,1.78107253424,1
shared:116,5,shared:117,1.80721518152,1
shared:116,6,shared:210,1.81612019444,1
shared:116,7,shared:121,1.93891413976,1
shared:116,8,shared:079,1.97976575218,1
shared:117,1,shared:182,0.0363398726222,1
shared:117,2,shared:118,0.351493253285,1
shared:117,3,shared:183,1.35431239603,1
shared:117,4,shared:115,1.50125290425,1
shared:117,5,shared:116,1.80721518152,1
shared:117,6,shared:122,2.07467896338,1
shared:117,7,core:undulating,2.14032114151,1
shared:117,8,shared:079,2.14196349641,1
shared:118,1,shared:182,0.330063344012,1
shared:118,2,shared:117,0.351493253285,1
shared:118,3,shared:183,1.13854610072,1
shared:118,4,shared:115,1.15000067387,1
shared:118,5,shared:116,1.47482744933,1
shared:118,6,shared:122,1.93270881661,1
shared:118,7,core:undulating,1.98903456534,1
shared:118,8,shared:079,1.99047537607,1
shared:119,1,core:fire,1.16970938037,1
shared:119,2,core:cross-fractal,1.37837200763,1
shared:119,3,curated:004,1.3783988628,1
shared:119,4,shared:058,1.86710315406,1
shared:119,5,shared:123,1.9039765373,1
shared:119,6,shared:059,1.95874662273,1
shared:119,7,shared:040,1.97690663492,1
shared:119,8,curated:002,2.06693456434,1
shared:120,1,core:nova,0.132804927762,1
shared:120,2,shared:037,0.186450258176,1
shared:120,3,shared:213,0.337117824527,1
shared:120,4,shared:107,0.554748049873,1
shared:120,5,shared:109,0.611314551901,1
shared:120,6,curated:019,1.55701423331,1
shared:120,7,core:swirls,1.77189821091,1
shared:120,8,shared:142,1.79612589771,1
shared:121,1,shared:079,0.381705507959,1
shared:121,2,core:undulating,0.384335023703,1
shared:121,3,curated:003,0.558091353874,1
shared:121,4,shared:122,0.786529601359,1
shared:121,5,shared:183,1.88063694472,1
shared:121,6,shared:115,1.92522345636,1
shared:121,7,shared:116,1.93891413976,1
shared:121,8,shared:210,2.14902075855,1
shared:122,1,core:undulating,0.60722392837,1
shared:122,2,shared:079,0.608673985162,1
shared:122,3,shared:121,0.786529601359,1
shared:122,4,curated:003,0.971688997958,1
shared:122,5,shared:115,1.90428540533,1
shared:122,6,shared:118,1.93270881661,1
shared:122,7,shared:183,1.95874416566,1
shared:122,8,shared:116,2.01656429959,1
shared:123,1,shared:059,0.116053865985,1
shared:123,2,shared:058,0.247964154362,1
shared:123,3,shared:162,1.10334861145,1
shared:123,4,shared:104,1.16784398089,1
shared:123,5,shared:060,1.19428756346,1
shared:123,6,core:cross-fractal,1.5692300714,1
shared:123,7,curated:004,1.56926661286,1
shared:123,8,shared:241,1.59916837751,1
shared:124,1,shared:060,0.889598284847,1
shared:124,2,core:toxic-goo,0.934531005591,1
shared:124,3,curated:008,1.178238369,1
shared:124,4,curated:001,1.190506372,1
shared:124,5,curated:010,1.3506381963,1
shared:124,6,shared:104,1.7990861354,1
shared:124,7,shared:059,1.90441227005,1
shared:124,8,shared:241,1.98116156742,1
shared:125,1,shared:097,0.458001401571,1
shared:125,2,shared:096,1.23639874445,1
shared:125,3,shared:136,1.66765842823,1
shared:125,4,shared:132,1.79779019104,1
shared:125,5,shared:095,1.92379153424,1
shared:125,6,shared:094,2.02045988159,1
shared:125,7,shared:063,2.35559309825,1
shared:125,8,shared:064,2.36125095656,1
shared:126,1,shared:127,0.0996579018282,1
shared:126,2,shared:143,0.22092397674,1
shared:126,3,shared:144,0.264412707365,1
shared:126,4,shared:044,1.86487985268,1
shared:126,5,shared:195,1.96953078028,1
shared:126,6,shared:218,1.99325268712,1
shared:126,7,shared:221,2.10183570564,1
shared:126,8,shared:207,2.14300373651,1
shared:127,1,shared:126,0.0996579018282,1
shared:127,2,shared:143,0.157101548753,1
shared:127,3,shared:144,0.210395523161,1
shared:127,4,shared:044,1.89146287618,1
shared:127,5,shared:195,1.99146975869,1
shared:127,6,shared:218,2.01249709751,1
shared:127,7,shared:221,2.10382182699,1
shared:127,8,shared:207,2.15180024656,1
shared:130,1,shared:131,4.30330127128,0
shared:130,2,shared:212,4.57152271503,0
shared:130,3,shared:141,4.83721127974,0
shared:130,4,shared:198,5.29368895985,1
shared:130,5,shared:222,6.44889588668,0
shared:130,6,shared:145,6.53485137675,1
shared:130,7,shared:140,6.60159074183,1
shared:130,8,shared:146,6.70189737068,1
shared:131,1,shared:212,0.426494734469,1
shared:131,2,shared:141,0.726087637916,1
shared:131,3,shared:130,4.30330127128,0
shared:131,4,shared:222,5.35074961981,1
shared:131,5,shared:177,6.44843994499,1
shared:131,6,shared:258,6.49067577172,1
shared:131,7,shared:238,6.81102220659,1
shared:131,8,shared:262,7.24531412895,1
shared:132,1,shared:097,1.73796928802,1
shared:132,2,shared:125,1.79779019104,1
shared:132,3,shared:096,1.85557039373,1
shared:132,4,shared:095,1.85739823696,1
shared:132,5,shared:094,1.86476407728,1
shared:132,6,shared:136,1.89030668158,1
shared:132,7,shared:063,2.05431044461,1
shared:132,8,shared:064,2.06942760496,1
shared:133,1,shared:181,0.033612721531,1
shared:133,2,shared:184,2.51208206399,1
shared:133,3,shared:208,3.77468612999,1
shared:133,4,shared:180,3.88403304317,1
shared:133,5,shared:070,4.00209267636,1
shared:133,6,shared:093,4.02381496149,1
shared:133,7,shared:054,4.06252307466,1
shared:133,8,shared:069,4.1648842819,1
shared:134,1,shared:091,0.090631212481,1
shared:134,2,shared:092,1.01999970175,1
shared:134,3,shared:090,1.29130680312,1
shared:134,4,shared:306,1.29265409975,1
shared:134,5,shared:163,2.38808542586,1
shared:134,6,shared:089,2.39818031216,1
shared:134,7,shared:286,2.66991198046,1
shared:134,8,shared:064,2.70299018263,1
shared:135,1,shared:105,2.42665660379,1
shared:135,2,shared:288,2.87193199369,1
shared:135,3,shared:296,2.90178081785,1
shared:135,4,shared:161,2.97231523388,1
shared:135,5,shared:307,3.00595313911,1
shared:135,6,shared:263,3.10021581552,1
shared:135,7,shared:173,3.1752994365,1
shared:135,8,shared:203,3.17582280582,1
shared:136,1,shared:095,1.4776289438,1
shared:136,2,shared:096,1.53647483419,1
shared:136,3,shared:094,1.55967834304,1
shared:136,4,shared:097,1.5719859218,1
shared:136,5,shared:064,1.59011096794,1
shared:136,6,shared:063,1.60184859512,1
shared:136,7,shared:125,1.66765842823,1
shared:136,8,shared:132,1.89030668158,1
shared:137,1,shared:139,0.644386612345,1
shared:137,2,shared:154,0.675720634649,1
shared:137,3,shared:213,1.88671298132,1
shared:137,4,shared:120,1.95030768773,1
shared:137,5,shared:109,1.96136017779,1
shared:137,6,shared:037,1.9802326163,1
shared:137,7,core:nova,1.99554427643,1
shared:137,8,shared:107,2.00943542508,1
shared:139,1,shared:154,0.0640736385938,1
shared:139,2,shared:137,0.644386612345,1
shared:139,3,shared:213,1.95041994768,1
shared:139,4,shared:109,1.96816953003,1
shared:139,5,shared:107,2.02047119606,1
shared:139,6,shared:120,2.04977766036,1
shared:139,7,shared:037,2.07791936257,1
shared:139,8,core:nova,2.10749649799,1
shared:140,1,shared:145,1.55406707984,1
shared:140,2,shared:210,1.73838050053,1
shared:140,3,shared:146,1.93955945547,1
shared:140,4,shared:116,2.4705741686,1
shared:140,5,shared:115,2.71669401856,1
shared:140,6,shared:183,2.77675475268,1
shared:140,7,shared:121,3.01311833556,1
shared:140,8,curated:003,3.08358280593,1
shared:141,1,shared:212,0.380247324083,1
shared:141,2,shared:131,0.726087637916,1
shared:141,3,shared:130,4.83721127974,0
shared:141,4,shared:222,5.05693907656,1
shared:141,5,shared:177,5.83247111924,1
shared:141,6,shared:258,5.86965840897,1
shared:141,7,shared:238,6.41446867589,1
shared:141,8,shared:178,6.60697269405,1
shared:142,1,core:cells,1.1360081454,1
shared:142,2,shared:193,1.42117088559,1
shared:142,3,shared:194,1.42931828614,1
shared:142,4,shared:209,1.46067382123,1
shared:142,5,shared:195,1.5111396404,1
shared:142,6,shared:109,1.54520553793,1
shared:142,7,shared:218,1.55921282323,1
shared:142,8,shared:107,1.64306764808,1
shared:143,1,shared:144,0.0678152565717,1
shared:143,2,shared:127,0.157101548753,1
shared:143,3,shared:126,0.22092397674,1
shared:143,4,shared:044,1.86705311339,1
shared:143,5,shared:195,1.97779205355,1
shared:143,6,shared:218,1.98942945262,1
shared:143,7,shared:221,2.03217770692,1
shared:143,8,shared:207,2.10451807409,1
shared:144,1,shared:143,0.0678152565717,1
shared:144,2,shared:127,0.210395523161,1
shared:144,3,shared:126,0.264412707365,1
shared:144,4,shared:044,1.8537707526,1
shared:144,5,shared:195,1.96984845499,1
shared:144,6,shared:218,1.97874982648,1
shared:144,7,shared:221,2.0029498901,1
shared:144,8,shared:207,2.07810056713,1
shared:145,1,shared:146,1.18049405667,1
shared:145,2,shared:140,1.55406707984,1
shared:145,3,shared:210,2.49593915255,1
shared:145,4,shared:116,3.23628474401,1
shared:145,5,shared:115,3.44602754574,1
shared:145,6,shared:183,3.47977306787,1
shared:145,7,shared:121,3.9063295328,1
shared:145,8,curated:003,3.97343394431,1
shared:146,1,shared:145,1.18049405667,1
shared:146,2,shared:140,1.93955945547,1
shared:146,3,shared:210,2.83809154176,1
shared:146,4,shared:116,3.49178871055,1
shared:146,5,shared:115,3.68760849757,1
shared:146,6,shared:183,3.72119086008,1
shared:146,7,shared:121,4.11937063938,1
shared:146,8,curated:003,4.18467775285,1
shared:147,1,shared:268,7.51779099628,0
shared:147,2,shared:222,9.92701609265,0
shared:147,3,shared:130,10.2605216765,1
shared:147,4,shared:259,10.3902539479,0
shared:147,5,shared:238,10.476316292,0
shared:147,6,shared:131,10.6997111668,0
shared:147,7,shared:212,10.7105750601,0
shared:147,8,shared:141,10.7505052678,0
shared:148,1,shared:150,0.157369283142,1
shared:148,2,shared:199,0.699760145446,1
shared:148,3,shared:205,0.71175482185,1
shared:148,4,shared:151,0.803532026892,1
shared:148,5,shared:201,0.935369649851,1
shared:148,6,shared:200,0.943753444859,1
shared:148,7,shared:202,1.00826245962,1
shared:148,8,shared:235,1.64762612766,1
shared:150,1,shared:148,0.157369283142,1
shared:150,2,shared:199,0.637952564407,1
shared:150,3,shared:205,0.648845285767,1
shared:150,4,shared:151,0.727477469263,1
shared:150,5,shared:201,0.860645473424,1
shared:150,6,shared:200,0.870611867723,1
shared:150,7,shared:202,0.928238350535,1
shared:150,8,shared:235,1.59325861598,1
shared:151,1,shared:150,0.727477469263,1
shared:151,2,shared:202,0.779785674318,1
shared:151,3,shared:201,0.802318196353,1
shared:151,4,shared:148,0.803532026892,1
shared:151,5,shared:200,0.811284954673,1
shared:151,6,shared:199,0.844196697746,1
shared:151,7,shared:205,0.8450944228,1
shared:151,8,shared:235,1.46008852671,1
shared:152,1,shared:100,2.98861322658,1
shared:152,2,shared:099,3.20973500553,1
shared:152,3,shared:110,3.31931157193,1
shared:152,4,shared:098,3.34015827676,1
shared:152,5,shared:094,3.92530197165,1
shared:152,6,shared:095,3.93463950305,1
shared:152,7,shared:065,4.22461791003,1
shared:152,8,shared:096,4.40583549056,1
shared:154,1,shared:139,0.0640736385938,1
shared:154,2,shared:137,0.675720634649,1
shared:154,3,shared:213,1.93997368364,1
shared:154,4,shared:109,1.95520760054,1
shared:154,5,shared:107,2.00645082622,1
shared:154,6,shared:120,2.04105573986,1
shared:154,7,shared:037,2.06814819458,1
shared:154,8,core:nova,2.09942089072,1
shared:155,1,shared:088,1.91470121607,1
shared:155,2,shared:075,1.92199184635,1
shared:155,3,shared:103,1.92604714723,1
shared:155,4,shared:221,2.17237999066,1
shared:155,5,shared:172,2.19181002956,1
shared:155,6,shared:192,2.21044510212,1
shared:155,7,shared:286,2.23610932253,1
shared:155,8,shared:271,2.23893822005,1
shared:156,1,shared:227,0.972199784618,1
shared:156,2,shared:232,2.22445875239,1
shared:156,3,shared:286,2.26083233594,1
shared:156,4,shared:112,2.39949673954,1
shared:156,5,shared:197,2.51452615278,1
shared:156,6,shared:106,2.58797065025,1
shared:156,7,shared:285,2.59497134848,1
shared:156,8,shared:306,2.63161095537,1
shared:157,1,shared:158,2.23935735527,1
shared:157,2,shared:285,2.99208888213,1
shared:157,3,shared:040,3.11663648929,1
shared:157,4,curated:007,3.18393695663,1
shared:157,5,curated:006,3.19643927838,1
shared:157,6,shared:156,3.19681091681,1
shared:157,7,shared:257,3.20440186695,1
shared:157,8,shared:227,3.22114734615,1
shared:158,1,shared:157,2.23935735527,1
shared:158,2,shared:232,2.66641168273,1
shared:158,3,shared:286,2.69717078648,1
shared:158,4,shared:285,2.85329273027,1
shared:158,5,shared:240,2.88007269361,1
shared:158,6,shared:227,2.90489772086,1
shared:158,7,shared:112,2.93221947764,1
shared:158,8,shared:040,2.9650423532,1
shared:159,1,shared:186,0.395975383649,1
shared:159,2,shared:082,2.88873910259,1
shared:159,3,shared:266,2.89230237166,1
shared:159,4,shared:064,2.90151144933,1
shared:159,5,shared:063,2.92869075479,1
shared:159,6,shared:074,2.94393877305,1
shared:159,7,shared:083,2.95136948677,1
shared:159,8,shared:092,2.99426984198,1
shared:160,1,shared:161,0.449624472693,1
shared:160,2,shared:297,0.678532227126,1
shared:160,3,shared:263,1.85479151397,1
shared:160,4,shared:211,2.91539901174,1
shared:160,5,shared:173,2.93333826216,1
shared:160,6,shared:203,2.93336164134,1
shared:160,7,shared:209,2.94329156503,1
shared:160,8,shared:218,3.01419381338,1
shared:161,1,shared:160,0.449624472693,1
shared:161,2,shared:297,0.750513288489,1
shared:161,3,shared:263,1.83703019224,1
shared:161,4,shared:203,2.65817074033,1
shared:161,5,shared:173,2.65904733309,1
shared:161,6,shared:211,2.80058426608,1
shared:161,7,shared:209,2.96076016706,1
shared:161,8,shared:271,2.97143487462,1
shared:162,1,shared:059,1.06116282497,1
shared:162,2,shared:123,1.10334861145,1
shared:162,3,shared:058,1.12365532337,1
shared:162,4,shared:104,1.29780944144,1
shared:162,5,shared:060,1.43194657552,1
shared:162,6,shared:194,1.84224603612,1
shared:162,7,shared:241,1.86076888973,1
shared:162,8,shared:193,1.88113407535,1
shared:163,1,shared:264,2.20085933988,1
shared:163,2,shared:216,2.24336387504,1
shared:163,3,shared:215,2.29520380287,1
shared:163,4,shared:136,2.29887431665,1
shared:163,5,shared:064,2.34495949807,1
shared:163,6,shared:063,2.36375382095,1
shared:163,7,shared:091,2.37772840779,1
shared:163,8,shared:134,2.38808542586,1
shared:164,1,shared:232,2.76512391573,1
shared:164,2,shared:112,2.78641034269,1
shared:164,3,shared:214,2.7864731905,1
shared:164,4,shared:090,2.79285446651,1
shared:164,5,shared:306,2.79286378599,1
shared:164,6,shared:286,2.87266228691,1
shared:164,7,shared:163,2.90389293447,1
shared:164,8,shared:252,2.96439332451,1
shared:167,1,shared:042,2.78417914108,1
shared:167,2,shared:043,2.7885868869,1
shared:167,3,shared:034,3.0966486806,1
shared:167,4,shared:032,3.15268622159,1
shared:167,5,curated:017,3.30141341373,1
shared:167,6,shared:111,3.31267886627,1
shared:167,7,shared:187,3.51753333112,1
shared:167,8,shared:216,3.62198720178,1
shared:168,1,shared:039,2.47280335731,1
shared:168,2,shared:038,2.58154634535,1
shared:168,3,curated:006,3.23757372027,1
shared:168,4,shared:226,3.24785673745,1
shared:168,5,shared:273,3.25467176388,1
shared:168,6,shared:169,3.43598636339,1
shared:168,7,curated:007,3.44291357697,1
shared:168,8,shared:257,3.46284898499,1
shared:169,1,shared:257,0.434002040031,1
shared:169,2,shared:285,2.8243486785,1
shared:169,3,shared:132,2.87117252952,1
shared:169,4,shared:064,2.88245662624,1
shared:169,5,shared:136,2.89612156323,1
shared:169,6,shared:063,2.93226402259,1
shared:169,7,shared:066,2.98234342442,1
shared:169,8,shared:087,3.06084482367,1
shared:170,1,shared:196,3.76435835028,1
shared:170,2,shared:135,4.17176239457,1
shared:170,3,shared:105,4.2068299124,1
shared:170,4,shared:296,4.29379901507,1
shared:170,5,shared:036,4.63997461697,1
shared:170,6,shared:173,4.7281826794,1
shared:170,7,shared:203,4.72836352431,1
shared:170,8,shared:175,4.76902915083,1
shared:171,1,shared:084,2.29911643735,1
shared:171,2,shared:221,2.30257466763,1
shared:171,3,shared:103,2.31316760948,1
shared:171,4,shared:044,2.35470707599,1
shared:171,5,shared:207,2.37732022812,1
shared:171,6,shared:075,2.39304302308,1
shared:171,7,shared:088,2.39406452815,1
shared:171,8,shared:271,2.41050274451,1
shared:172,1,shared:088,1.1206450199,1
shared:172,2,shared:075,1.12191860007,1
shared:172,3,shared:103,1.12249889022,1
shared:172,4,shared:221,1.73428642073,1
shared:172,5,shared:271,1.88796242918,1
shared:172,6,shared:214,2.03364664108,1
shared:172,7,shared:089,2.12621216735,1
shared:172,8,shared:155,2.19181002956,1
shared:173,1,shared:203,0.0322631356248,1
shared:173,2,shared:161,2.65904733309,1
shared:173,3,shared:297,2.80594552274,1
shared:173,4,shared:175,2.92858985898,1
shared:173,5,shared:160,2.93333826216,1
shared:173,6,shared:263,3.01677806077,1
shared:173,7,shared:294,3.05057455448,1
shared:173,8,shared:296,3.1747600185,1
shared:175,1,shared:173,2.92858985898,1
shared:175,2,shared:203,2.9323664763,1
shared:175,3,shared:296,3.2425135246,1
shared:175,4,shared:281,3.43567086822,1
shared:175,5,shared:135,3.53451136012,1
shared:175,6,shared:297,3.57566076881,1
shared:175,7,shared:161,3.58164650884,1
shared:175,8,shared:160,3.67942567893,1
shared:176,1,shared:228,1.82325259669,1
shared:176,2,shared:286,2.26671702871,1
shared:176,3,shared:055,2.42967474064,1
shared:176,4,shared:190,2.46401328588,1
shared:176,5,shared:266,2.51232318076,1
shared:176,6,shared:221,2.5242486278,1
shared:176,7,shared:306,2.52728950667,1
shared:176,8,shared:090,2.52773069178,1
shared:177,1,shared:258,0.169585291891,1
shared:177,2,shared:178,1.51333774924,1
shared:177,3,shared:259,4.83842721814,1
shared:177,4,shared:260,4.92611912669,1
shared:177,5,shared:224,4.92961769433,1
shared:177,6,shared:157,4.96895475053,1
shared:177,7,shared:164,5.382708856,1
shared:177,8,shared:169,5.53400306413,1
shared:178,1,shared:258,1.42304646806,1
shared:178,2,shared:177,1.51333774924,1
shared:178,3,shared:157,3.94281644051,1
shared:178,4,shared:260,4.27004736045,1
shared:178,5,shared:164,4.46048641044,1
shared:178,6,shared:259,4.50494659045,1
shared:178,7,shared:224,4.50618691328,1
shared:178,8,shared:285,4.56603546217,1
shared:179,1,shared:086,4.2004986689,1
shared:179,2,shared:045,4.36499370428,1
shared:179,3,shared:048,4.4124674576,1
shared:179,4,shared:204,4.54154786563,1
shared:179,5,shared:073,4.67930211138,1
shared:179,6,shared:208,4.76789444994,1
shared:179,7,shared:180,4.82101994978,1
shared:179,8,shared:187,5.15607861974,1
shared:180,1,shared:069,2.95721416984,1
shared:180,2,shared:054,2.96798587436,1
shared:180,3,shared:051,3.00060047129,1
shared:180,4,shared:052,3.00128286571,1
shared:180,5,shared:053,3.00252889469,1
shared:180,6,shared:093,3.04669123516,1
shared:180,7,shared:070,3.08318342567,1
shared:180,8,shared:050,3.20782355802,1
shared:181,1,shared:133,0.033612721531,1
shared:181,2,shared:184,2.50880096986,1
shared:181,3,shared:208,3.7668510864,1
shared:181,4,shared:180,3.87984159776,1
shared:181,5,shared:070,3.99244930034,1
shared:181,6,shared:093,4.01297682373,1
shared:181,7,shared:054,4.05214648029,1
shared:181,8,shared:069,4.15377253388,1
shared:182,1,shared:117,0.0363398726222,1
shared:182,2,shared:118,0.330063344012,1
shared:182,3,shared:183,1.32420377943,1
shared:182,4,shared:115,1.47844710026,1
shared:182,5,shared:116,1.78107253424,1
shared:182,6,shared:122,2.05896730494,1
shared:182,7,core:undulating,2.12323071791,1
shared:182,8,shared:079,2.12484066451,1
shared:183,1,shared:115,1.09247207685,1
shared:183,2,shared:118,1.13854610072,1
shared:183,3,shared:116,1.21088803981,1
shared:183,4,shared:182,1.32420377943,1
shared:183,5,shared:117,1.35431239603,1
shared:183,6,shared:210,1.67555045654,1
shared:183,7,shared:121,1.88063694472,1
shared:183,8,core:undulating,1.88325860318,1
shared:184,1,shared:181,2.50880096986,1
shared:184,2,shared:133,2.51208206399,1
shared:184,3,shared:208,3.08459560275,1
shared:184,4,shared:180,3.92080859493,1
shared:184,5,shared:074,4.13407161469,1
shared:184,6,shared:054,4.13686383921,1
shared:184,7,shared:070,4.15607549017,1
shared:184,8,shared:093,4.21171331978,1
shared:185,1,shared:308,1.99327736051,1
shared:185,2,shared:206,2.00938390151,1
shared:185,3,shared:090,2.70814025671,1
shared:185,4,shared:306,2.70853568551,1
shared:185,5,shared:091,2.95085449706,1
shared:185,6,shared:134,2.95336415007,1
shared:185,7,shared:092,2.99569455472,1
shared:185,8,shared:192,3.02639690057,1
shared:186,1,shared:159,0.395975383649,1
shared:186,2,shared:082,2.82927248307,1
shared:186,3,shared:266,2.82937656302,1
shared:186,4,shared:083,2.92627250916,1
shared:186,5,shared:064,2.94212098863,1
shared:186,6,shared:063,2.97786893195,1
shared:186,7,shared:092,3.00045118165,1
shared:186,8,shared:074,3.00376366986,1
shared:187,1,shared:045,2.3475810563,1
shared:187,2,shared:271,2.56738870172,1
shared:187,3,shared:254,2.83659740573,1
shared:187,4,shared:043,2.86463208972,1
shared:187,5,shared:172,2.87545569061,1
shared:187,6,shared:256,2.94707601869,1
shared:187,7,shared:081,2.97355978664,1
shared:187,8,shared:042,3.17942759265,1
shared:189,1,shared:082,3.19304991729,1
shared:189,2,shared:083,3.218129182,1
shared:189,3,shared:092,3.23846620117,1
shared:189,4,shared:066,3.30590814374,1
shared:189,5,shared:286,3.34432265137,1
shared:189,6,shared:064,3.39479941191,1
shared:189,7,shared:063,3.43361747646,1
shared:189,8,shared:176,3.45588114109,1
shared:190,1,shared:228,2.14010279184,1
shared:190,2,shared:266,2.27270016769,1
shared:190,3,shared:103,2.33371085939,1
shared:190,4,shared:172,2.37284331804,1
shared:190,5,shared:088,2.40132998986,1
shared:190,6,shared:075,2.40818797056,1
shared:190,7,shared:271,2.45153404185,1
shared:190,8,shared:176,2.46401328588,1
shared:191,1,shared:262,2.82435405563,1
shared:191,2,shared:253,4.76309512026,1
shared:191,3,shared:222,5.18791809229,1
shared:191,4,shared:224,5.63454966414,1
shared:191,5,shared:238,5.90525784558,1
shared:191,6,shared:309,6.19309605375,1
shared:191,7,shared:258,6.8227617417,1
shared:191,8,shared:177,6.82668815502,1
shared:192,1,shared:089,2.20796576677,1
shared:192,2,shared:155,2.21044510212,1
shared:192,3,shared:306,2.24362693641,1
shared:192,4,shared:090,2.24434781414,1
shared:192,5,shared:221,2.33836165352,1
shared:192,6,shared:220,2.36517448468,1
shared:192,7,shared:088,2.36632989949,1
shared:192,8,shared:075,2.37071258808,1
shared:193,1,shared:194,0.129453752012,1
shared:193,2,shared:209,0.169839259908,1
shared:193,3,shared:195,0.59995555456,1
shared:193,4,shared:218,0.639007352616,1
shared:193,5,core:cells,1.00654827572,1
shared:193,6,shared:305,1.38674052223,1
shared:193,7,shared:304,1.4134628765,1
shared:193,8,shared:142,1.42117088559,1
shared:194,1,shared:193,0.129453752012,1
shared:194,2,shared:209,0.256218145421,1
shared:194,3,shared:195,0.654062897318,1
shared:194,4,shared:218,0.688816020019,1
shared:194,5,core:cells,1.0277900248,1
shared:194,6,shared:304,1.39598003904,1
shared:194,7,shared:305,1.39722798716,1
shared:194,8,shared:142,1.42931828614,1
shared:195,1,shared:218,0.195166007544,1
shared:195,2,shared:193,0.59995555456,1
shared:195,3,shared:209,0.626028339908,1
shared:195,4,shared:194,0.654062897318,1
shared:195,5,core:cells,1.22495332495,1
shared:195,6,shared:305,1.3672168776,1
shared:195,7,shared:304,1.40546546881,1
shared:195,8,shared:303,1.44767962535,1
shared:196,1,shared:135,3.56153839351,1
shared:196,2,shared:170,3.76435835028,1
shared:196,3,shared:105,3.86341859403,1
shared:196,4,shared:273,3.99145432216,1
shared:196,5,shared:296,4.01044653996,1
shared:196,6,shared:157,4.02894357508,1
shared:196,7,shared:288,4.0319772397,1
shared:196,8,shared:285,4.06045045125,1
shared:197,1,shared:221,1.71918596164,1
shared:197,2,curated:021,1.78070132141,1
shared:197,3,shared:195,1.79475156092,1
shared:197,4,shared:044,1.79945081473,1
shared:197,5,shared:218,1.83670662954,1
shared:197,6,shared:104,1.86253029517,1
shared:197,7,shared:058,1.87702167352,1
shared:197,8,core:cross-fractal,1.88310730286,1
shared:198,1,shared:140,4.78701660269,1
shared:198,2,shared:145,4.9744666382,1
shared:198,3,shared:146,5.20841950421,1
shared:198,4,shared:130,5.29368895985,1
shared:198,5,shared:210,5.75843651901,1
shared:198,6,curated:003,6.58010020872,1
shared:198,7,shared:116,6.65381231497,1
shared:198,8,shared:121,6.69937609711,1
shared:199,1,shared:205,0.0322372593393,1
shared:199,2,shared:200,0.451745425398,1
shared:199,3,shared:201,0.454705967899,1
shared:199,4,shared:202,0.558455641157,1
shared:199,5,shared:150,0.637952564407,1
shared:199,6,shared:148,0.699760145446,1
shared:199,7,shared:151,0.844196697746,1
shared:199,8,shared:235,1.3738456454,1
shared:200,1,shared:201,0.0775108300455,1
shared:200,2,shared:202,0.229757834574,1
shared:200,3,shared:205,0.443316794937,1
shared:200,4,shared:199,0.451745425398,1
shared:200,5,shared:151,0.811284954673,1
shared:200,6,shared:150,0.870611867723,1
shared:200,7,shared:148,0.943753444859,1
shared:200,8,shared:235,1.22692741475,1
shared:201,1,shared:200,0.0775108300455,1
shared:201,2,shared:202,0.200938001309,1
shared:201,3,shared:205,0.44640972383,1
shared:201,4,shared:199,0.454705967899,1
shared:201,5,shared:151,0.802318196353,1
shared:201,6,shared:150,0.860645473424,1
shared:201,7,shared:148,0.935369649851,1
shared:201,8,shared:235,1.23809837008,1
shared:202,1,shared:201,0.200938001309,1
shared:202,2,shared:200,0.229757834574,1
shared:202,3,shared:205,0.549657684459,1
shared:202,4,shared:199,0.558455641157,1
shared:202,5,shared:151,0.779785674318,1
shared:202,6,shared:150,0.928238350535,1
shared:202,7,shared:148,1.00826245962,1
shared:202,8,shared:235,1.19833503137,1
shared:203,1,shared:173,0.0322631356248,1
shared:203,2,shared:161,2.65817074033,1
shared:203,3,shared:297,2.80509952061,1
shared:203,4,shared:175,2.9323664763,1
shared:203,5,shared:160,2.93336164134,1
shared:203,6,shared:263,3.01763182004,1
shared:203,7,shared:294,3.05772059062,1
shared:203,8,shared:135,3.17582280582,1
shared:204,1,shared:086,2.90893120402,1
shared:204,2,shared:073,3.11667539641,1
shared:204,3,shared:074,3.53904788427,1
shared:204,4,shared:083,3.55278067246,1
shared:204,5,shared:081,3.61148029133,1
shared:204,6,shared:082,3.68028138621,1
shared:204,7,curated:017,3.75288723492,1
shared:204,8,shared:043,3.84888023983,1
shared:205,1,shared:199,0.0322372593393,1
shared:205,2,shared:200,0.443316794937,1
shared:205,3,shared:201,0.44640972383,1
shared:205,4,shared:202,0.549657684459,1
shared:205,5,shared:150,0.648845285767,1
shared:205,6,shared:148,0.71175482185,1
shared:205,7,shared:151,0.8450944228,1
shared:205,8,shared:235,1.36773738071,1
shared:206,1,shared:308,0.0601433748217,1
shared:206,2,shared:185,2.00938390151,1
shared:206,3,shared:090,2.68572638163,1
shared:206,4,shared:306,2.68596891604,1
shared:206,5,shared:091,2.93634378664,1
shared:206,6,shared:134,2.95002156842,1
shared:206,7,shared:092,2.98120639088,1
shared:206,8,shared:164,3.03557928008,1
shared:207,1,shared:044,1.00803539705,1
shared:207,2,shared:221,1.41790224243,1
shared:207,3,shared:103,1.42681099021,1
shared:207,4,shared:088,1.49395541319,1
shared:207,5,shared:075,1.4952352221,1
shared:207,6,shared:218,1.56992498745,1
shared:207,7,shared:195,1.61333410737,1
shared:207,8,shared:209,1.84794938426,1
shared:208,1,shared:184,3.08459560275,1
shared:208,2,shared:086,3.45849816042,1
shared:208,3,shared:073,3.69699771138,1
shared:208,4,shared:181,3.7668510864,1
shared:208,5,shared:133,3.77468612999,1
shared:208,6,shared:074,3.85184850858,1
shared:208,7,shared:180,3.95693765288,1
shared:208,8,shared:083,4.14009646338,1
shared:209,1,shared:193,0.169839259908,1
shared:209,2,shared:194,0.256218145421,1
shared:209,3,shared:195,0.626028339908,1
shared:209,4,shared:218,0.644243023782,1
shared:209,5,core:cells,1.03524032855,1
shared:209,6,shared:305,1.3926121092,1
shared:209,7,shared:304,1.40261642755,1
shared:209,8,shared:142,1.46067382123,1
shared:210,1,shared:183,1.67555045654,1
shared:210,2,shared:140,1.73838050053,1
shared:210,3,shared:116,1.81612019444,1
shared:210,4,shared:115,1.98005143883,1
shared:210,5,shared:121,2.14902075855,1
shared:210,6,curated:003,2.29106738739,1
shared:210,7,shared:079,2.35217852285,1
shared:210,8,core:undulating,2.3535046781,1
shared:211,1,shared:209,1.81376307292,1
shared:211,2,shared:193,1.86875819672,1
shared:211,3,shared:194,1.87427412891,1
shared:211,4,shared:218,1.9044589511,1
shared:211,5,shared:195,1.93494892722,1
shared:211,6,shared:305,2.12211546039,1
shared:211,7,shared:304,2.12476696967,1
shared:211,8,shared:288,2.15238162604,1
shared:212,1,shared:141,0.380247324083,1
shared:212,2,shared:131,0.426494734469,1
shared:212,3,shared:130,4.57152271503,0
shared:212,4,shared:222,5.13439522002,1
shared:212,5,shared:177,6.10371684848,1
shared:212,6,shared:258,6.14223460029,1
shared:212,7,shared:238,6.50135651498,1
shared:212,8,shared:178,6.8846771724,1
shared:213,1,shared:037,0.304513326955,1
shared:213,2,shared:120,0.337117824527,1
shared:213,3,core:nova,0.377224720281,1
shared:213,4,shared:107,0.49668863,1
shared:213,5,shared:109,0.54028775604,1
shared:213,6,curated:019,1.64016684047,1
shared:213,7,shared:142,1.75321254401,1
shared:213,8,core:swirls,1.84740159629,1
shared:214,1,shared:264,1.54361202403,1
shared:214,2,shared:088,1.90314055775,1
shared:214,3,shared:075,1.91745326484,1
shared:214,4,shared:103,1.9548442942,1
shared:214,5,shared:172,2.03364664108,1
shared:214,6,shared:215,2.03531084518,1
shared:214,7,shared:216,2.07713614256,1
shared:214,8,shared:306,2.08786331521,1
shared:215,1,shared:216,0.186948419007,1
shared:215,2,shared:264,1.00701184723,1
shared:215,3,shared:214,2.03531084518,1
shared:215,4,shared:163,2.29520380287,1
shared:215,5,shared:090,2.73618754965,1
shared:215,6,shared:306,2.73652228153,1
shared:215,7,shared:136,2.78425996175,1
shared:215,8,shared:064,2.81342481847,1
shared:216,1,shared:215,0.186948419007,1
shared:216,2,shared:264,1.04311660517,1
shared:216,3,shared:214,2.07713614256,1
shared:216,4,shared:163,2.24336387504,1
shared:216,5,shared:090,2.73761648102,1
shared:216,6,shared:306,2.73798209042,1
shared:216,7,shared:136,2.77570643053,1
shared:216,8,shared:064,2.78766730169,1
shared:218,1,shared:195,0.195166007544,1
shared:218,2,shared:193,0.639007352616,1
shared:218,3,shared:209,0.644243023782,1
shared:218,4,shared:194,0.688816020019,1
shared:218,5,core:cells,1.24963152431,1
shared:218,6,shared:304,1.3627280696,1
shared:218,7,shared:305,1.3643306508,1
shared:218,8,shared:303,1.44595342609,1
shared:219,1,shared:220,1.26468714036,1
shared:219,2,shared:218,2.07814783216,1
shared:219,3,shared:195,2.14429075656,1
shared:219,4,shared:142,2.16612362243,1
shared:219,5,shared:194,2.27845229094,1
shared:219,6,shared:044,2.29163504515,1
shared:219,7,shared:193,2.30149157688,1
shared:219,8,shared:197,2.30503563798,1
shared:220,1,shared:219,1.26468714036,1
shared:220,2,shared:218,2.25885972223,1
shared:220,3,shared:266,2.28495306483,1
shared:220,4,shared:207,2.29768157405,1
shared:220,5,shared:221,2.33748692608,1
shared:220,6,shared:195,2.35298651369,1
shared:220,7,shared:192,2.36517448468,1
shared:220,8,shared:103,2.44550165654,1
shared:221,1,shared:103,0.85507282516,1
shared:221,2,shared:088,0.881596996043,1
shared:221,3,shared:075,0.88457145019,1
shared:221,4,shared:241,1.36648916927,1
shared:221,5,shared:044,1.40737290438,1
shared:221,6,shared:207,1.41790224243,1
shared:221,7,shared:104,1.48526882873,1
shared:221,8,shared:218,1.57671338805,1
shared:222,1,shared:238,4.10815122098,1
shared:222,2,shared:224,4.98319339629,1
shared:222,3,shared:262,4.9949040155,1
shared:222,4,shared:141,5.05693907656,1
shared:222,5,shared:212,5.13439522002,1
shared:222,6,shared:191,5.18791809229,1
shared:222,7,shared:131,5.35074961981,1
shared:222,8,shared:177,5.86174641825,1
shared:223,1,shared:205,1.88973377014,1
shared:223,2,shared:199,1.89339220308,1
shared:223,3,shared:201,1.97062863024,1
shared:223,4,shared:200,1.99039616969,1
shared:223,5,shared:202,2.01663480315,1
shared:223,6,shared:150,2.14014739624,1
shared:223,7,shared:148,2.16467045033,1
shared:223,8,shared:151,2.33322086025,1
shared:224,1,shared:225,3.67208908189,1
shared:224,2,shared:238,3.69355160539,1
shared:224,3,shared:239,4.00818994396,1
shared:224,4,shared:262,4.21143172436,1
shared:224,5,shared:253,4.3621877039,1
shared:224,6,shared:178,4.50618691328,1
shared:224,7,shared:229,4.72119454797,1
shared:224,8,shared:298,4.73823092454,1
shared:225,1,shared:239,2.7058248809,1
shared:225,2,shared:229,3.02445449143,1
shared:225,3,shared:298,3.17097306432,1
shared:225,4,shared:230,3.19301358587,1
shared:225,5,shared:231,3.19489920146,1
shared:225,6,core:fire,3.21622968595,1
shared:225,7,shared:119,3.22673605103,1
shared:225,8,shared:235,3.27024698204,1
shared:226,1,curated:006,2.69861625729,1
shared:226,2,curated:007,2.98319223227,1
shared:226,3,curated:005,3.05386612621,1
shared:226,4,shared:040,3.22605286395,1
shared:226,5,shared:168,3.24785673745,1
shared:226,6,shared:273,3.28442314751,1
shared:226,7,shared:252,3.36059278064,1
shared:226,8,shared:113,3.42258877256,1
shared:227,1,shared:156,0.972199784618,1
shared:227,2,shared:197,1.93135023434,1
shared:227,3,shared:285,2.12417252027,1
shared:227,4,shared:232,2.1809233307,1
shared:227,5,shared:040,2.18407318931,1
shared:227,6,shared:104,2.20437625151,1
shared:227,7,shared:119,2.25099649541,1
shared:227,8,shared:286,2.27149628345,1
shared:228,1,shared:055,1.31431940546,1
shared:228,2,shared:176,1.82325259669,1
shared:228,3,shared:266,1.92390412809,1
shared:228,4,shared:286,2.13441078194,1
shared:228,5,shared:190,2.14010279184,1
shared:228,6,shared:300,2.35708591295,1
shared:228,7,shared:299,2.3950013043,1
shared:228,8,shared:267,2.4408280728,1
shared:229,1,shared:230,0.51938493742,1
shared:229,2,shared:231,0.565072760586,1
shared:229,3,shared:288,2.14948722507,1
shared:229,4,shared:290,2.20644857969,1
shared:229,5,shared:291,2.20663752594,1
shared:229,6,shared:289,2.21436808701,1
shared:229,7,shared:292,2.22547184293,1
shared:229,8,shared:248,2.23243782899,1
shared:230,1,shared:231,0.395057679916,1
shared:230,2,shared:229,0.51938493742,1
shared:230,3,shared:288,2.14311548635,1
shared:230,4,shared:244,2.31593640651,1
shared:230,5,shared:248,2.31595955719,1
shared:230,6,shared:290,2.330636305,1
shared:230,7,shared:291,2.33068952968,1
shared:230,8,shared:289,2.34146686186,1
shared:231,1,shared:230,0.395057679916,1
shared:231,2,shared:229,0.565072760586,1
shared:231,3,shared:288,2.21717814717,1
shared:231,4,shared:248,2.29006190632,1
shared:231,5,shared:244,2.29026099557,1
shared:231,6,shared:289,2.32187335485,1
shared:231,7,shared:291,2.33526169416,1
shared:231,8,shared:290,2.3378377246,1
shared:232,1,shared:112,0.993274745037,1
shared:232,2,shared:252,1.6203791513,1
shared:232,3,shared:106,1.68834143572,1
shared:232,4,shared:113,1.70144114857,1
shared:232,5,shared:286,2.11562640432,1
shared:232,6,shared:227,2.1809233307,1
shared:232,7,shared:240,2.22000684724,1
shared:232,8,shared:156,2.22445875239,1
shared:235,1,shared:237,0.0698778768755,1
shared:235,2,shared:202,1.19833503137,1
shared:235,3,shared:200,1.22692741475,1
shared:235,4,shared:201,1.23809837008,1
shared:235,5,shared:205,1.36773738071,1
shared:235,6,shared:199,1.3738456454,1
shared:235,7,shared:151,1.46008852671,1
shared:235,8,shared:150,1.59325861598,1
shared:237,1,shared:235,0.0698778768755,1
shared:237,2,shared:202,1.21042785147,1
shared:237,3,shared:200,1.2376638468,1
shared:237,4,shared:201,1.24974763624,1
shared:237,5,shared:205,1.38142707647,1
shared:237,6,shared:199,1.38796584895,1
shared:237,7,shared:151,1.46745247431,1
shared:237,8,shared:150,1.6061257465,1
shared:238,1,shared:224,3.69355160539,1
shared:238,2,shared:239,4.0030667791,1
shared:238,3,shared:222,4.10815122098,1
shared:238,4,shared:225,4.39023887059,1
shared:238,5,shared:262,4.66923277464,1
shared:238,6,shared:253,4.78477899249,1
shared:238,7,shared:259,4.82301948372,1
shared:238,8,shared:260,5.04622320126,1
shared:239,1,shared:225,2.7058248809,1
shared:239,2,shared:298,3.61260588831,1
shared:239,3,shared:288,3.64715982939,1
shared:239,4,shared:151,3.68708847166,1
shared:239,5,shared:229,3.70193414339,1
shared:239,6,shared:148,3.76137742185,1
shared:239,7,shared:150,3.76960126275,1
shared:239,8,shared:235,3.78399947951,1
shared:240,1,shared:286,2.10512952075,1
shared:240,2,shared:232,2.22000684724,1
shared:240,3,shared:136,2.36843625767,1
shared:240,4,shared:241,2.47736126296,1
shared:240,5,shared:227,2.51722305754,1
shared:240,6,curated:010,2.53232737059,1
shared:240,7,shared:214,2.57075523988,1
shared:240,8,shared:221,2.59511610831,1
shared:241,1,shared:104,0.94404190582,1
shared:241,2,shared:221,1.36648916927,1
shared:241,3,shared:058,1.55563853077,1
shared:241,4,shared:059,1.55660099,1
shared:241,5,shared:060,1.57858991172,1
shared:241,6,shared:123,1.59916837751,1
shared:241,7,curated:010,1.68471120512,1
shared:241,8,shared:088,1.79225608104,1
shared:242,1,shared:244,1.20576741695,1
shared:242,2,shared:248,1.21004321574,1
shared:242,3,shared:243,1.26514393775,1
shared:242,4,shared:142,1.83558631853,1
shared:242,5,shared:194,1.992230038,1
shared:242,6,shared:193,2.00147171624,1
shared:242,7,shared:209,2.00426116312,1
shared:242,8,shared:304,2.00784966898,1
shared:243,1,shared:248,0.357115523483,1
shared:243,2,shared:244,0.358433949373,1
shared:243,3,shared:242,1.26514393775,1
shared:243,4,shared:287,1.41026157771,1
shared:243,5,shared:303,1.41551155632,1
shared:243,6,shared:304,1.52021741861,1
shared:243,7,shared:305,1.53539862012,1
shared:243,8,shared:292,1.67392060346,1
shared:244,1,shared:248,0.0148664385347,1
shared:244,2,shared:243,0.358433949373,1
shared:244,3,shared:242,1.20576741695,1
shared:244,4,shared:287,1.35075059492,1
shared:244,5,shared:303,1.35621423142,1
shared:244,6,shared:304,1.45932851671,1
shared:244,7,shared:305,1.48044951362,1
shared:244,8,shared:292,1.56445271491,1
shared:248,1,shared:244,0.0148664385347,1
shared:248,2,shared:243,0.357115523483,1
shared:248,3,shared:242,1.21004321574,1
shared:248,4,shared:287,1.34807476234,1
shared:248,5,shared:303,1.35352776933,1
shared:248,6,shared:304,1.45847079012,1
shared:248,7,shared:305,1.48020629746,1
shared:248,8,shared:292,1.56430087478,1
shared:249,1,shared:250,0.435269726801,1
shared:249,2,shared:287,1.95174520746,1
shared:249,3,shared:303,1.95206780209,1
shared:249,4,shared:304,1.97078970317,1
shared:249,5,shared:104,1.97500333776,1
shared:249,6,shared:305,1.97784179645,1
shared:249,7,shared:241,2.16322168829,1
shared:249,8,shared:060,2.21169628758,1
shared:250,1,shared:249,0.435269726801,1
shared:250,2,shared:287,1.90527959098,1
shared:250,3,shared:303,1.90576562035,1
shared:250,4,shared:104,1.93322791161,1
shared:250,5,shared:304,1.98008799633,1
shared:250,6,shared:305,1.999020081,1
shared:250,7,shared:243,2.12180566839,1
shared:250,8,shared:060,2.14022082985,1
shared:251,1,shared:237,2.08344276243,1
shared:251,2,shared:235,2.08623776912,1
shared:251,3,shared:248,2.12227544218,1
shared:251,4,shared:244,2.12992595554,1
shared:251,5,core:cross-fractal,2.15275753017,1
shared:251,6,curated:004,2.1527637122,1
shared:251,7,shared:151,2.15963822914,1
shared:251,8,shared:298,2.17335409364,1
shared:252,1,shared:113,0.132491330295,1
shared:252,2,shared:112,0.959632945146,1
shared:252,3,shared:106,1.1001809754,1
shared:252,4,shared:232,1.6203791513,1
shared:252,5,shared:125,2.66205422233,1
shared:252,6,shared:136,2.69041934486,1
shared:252,7,curated:007,2.70568407661,1
shared:252,8,shared:040,2.71187645509,1
shared:253,1,shared:262,2.43109612796,1
shared:253,2,shared:224,4.3621877039,1
shared:253,3,shared:106,4.61709751399,1
shared:253,4,shared:275,4.64711327738,1
shared:253,5,curated:002,4.66163941844,1
shared:253,6,shared:112,4.74549804505,1
shared:253,7,shared:191,4.76309512026,1
shared:253,8,shared:238,4.78477899249,1
shared:254,1,shared:256,0.2867238863,1
shared:254,2,shared:265,2.20178071147,1
shared:254,3,shared:271,2.54450719154,1
shared:254,4,shared:301,2.605730847,1
shared:254,5,shared:172,2.61664095881,1
shared:254,6,shared:103,2.67395822824,1
shared:254,7,shared:075,2.69795203668,1
shared:254,8,shared:088,2.70217779329,1
shared:256,1,shared:254,0.2867238863,1
shared:256,2,shared:265,2.07672882671,1
shared:256,3,shared:301,2.41262832328,1
shared:256,4,shared:271,2.4819314345,1
shared:256,5,shared:103,2.53336643546,1
shared:256,6,shared:172,2.53492004378,1
shared:256,7,shared:075,2.5550960759,1
shared:256,8,shared:088,2.55940304797,1
shared:257,1,shared:169,0.434002040031,1
shared:257,2,shared:285,2.70512548122,1
shared:257,3,shared:064,2.85070799113,1
shared:257,4,shared:136,2.86935746136,1
shared:257,5,shared:063,2.90402113188,1
shared:257,6,shared:066,2.9149271644,1
shared:257,7,shared:132,2.93160478088,1
shared:257,8,shared:286,2.93436778624,1
shared:258,1,shared:177,0.169585291891,1
shared:258,2,shared:178,1.42304646806,1
shared:258,3,shared:259,4.74683178639,1
shared:258,4,shared:260,4.79618973355,1
shared:258,5,shared:224,4.85759378643,1
shared:258,6,shared:157,4.87351057509,1
shared:258,7,shared:164,5.28059907363,1
shared:258,8,shared:169,5.4678063549,1
shared:259,1,shared:260,1.76669261432,1
shared:259,2,shared:268,3.36191831901,1
shared:259,3,shared:225,4.40409140592,1
shared:259,4,shared:178,4.50494659045,1
shared:259,5,shared:239,4.62633357468,1
shared:259,6,shared:258,4.74683178639,1
shared:259,7,shared:238,4.82301948372,1
shared:259,8,shared:177,4.83842721814,1
shared:260,1,shared:259,1.76669261432,1
shared:260,2,shared:225,3.61559714318,1
shared:260,3,shared:227,3.75446627221,1
shared:260,4,shared:126,3.82691927675,1
shared:260,5,shared:127,3.8353447518,1
shared:260,6,shared:144,3.83849508884,1
shared:260,7,shared:143,3.84390639375,1
shared:260,8,shared:284,3.87201307042,1
shared:261,1,shared:303,2.63436580875,1
shared:261,2,shared:304,2.63479982197,1
shared:261,3,shared:287,2.63624351054,1
shared:261,4,shared:305,2.65418361463,1
shared:261,5,shared:265,2.66410585665,1
shared:261,6,shared:103,2.74108529372,1
shared:261,7,shared:088,2.8019419196,1
shared:261,8,shared:075,2.8036377198,1
shared:262,1,shared:253,2.43109612796,1
shared:262,2,shared:191,2.82435405563,1
shared:262,3,shared:224,4.21143172436,1
shared:262,4,shared:238,4.66923277464,1
shared:262,5,shared:222,4.9949040155,1
shared:262,6,shared:223,5.22289469133,1
shared:262,7,shared:225,5.23473318007,1
shared:262,8,shared:309,5.25352522923,1
shared:263,1,shared:297,1.78904719842,1
shared:263,2,shared:161,1.83703019224,1
shared:263,3,shared:160,1.85479151397,1
shared:263,4,shared:296,2.3951508291,1
shared:263,5,shared:305,2.42838520484,1
shared:263,6,shared:304,2.43063270367,1
shared:263,7,shared:211,2.43828615126,1
shared:263,8,shared:209,2.47849469272,1
shared:264,1,shared:215,1.00701184723,1
shared:264,2,shared:216,1.04311660517,1
shared:264,3,shared:214,1.54361202403,1
shared:264,4,shared:163,2.20085933988,1
shared:264,5,shared:306,2.2797123765,1
shared:264,6,shared:090,2.28009562763,1
shared:264,7,shared:172,2.30921909069,1
shared:264,8,shared:286,2.32557656874,1
shared:265,1,shared:292,1.90574738296,1
shared:265,2,shared:289,1.94760922584,1
shared:265,3,shared:291,1.951088244,1
shared:265,4,shared:290,1.9522435401,1
shared:265,5,shared:256,2.07672882671,1
shared:265,6,shared:254,2.20178071147,1
shared:265,7,shared:305,2.23402240343,1
shared:265,8,shared:304,2.3328324547,1
shared:266,1,shared:300,1.07450948014,1
shared:266,2,shared:299,1.12169223311,1
shared:266,3,shared:267,1.15648141079,1
shared:266,4,shared:301,1.44871878434,1
shared:266,5,shared:228,1.92390412809,1
shared:266,6,shared:271,2.06446470882,1
shared:266,7,shared:286,2.15927557653,1
shared:266,8,shared:190,2.27270016769,1
shared:267,1,shared:299,0.177354389621,1
shared:267,2,shared:300,0.278536683585,1
shared:267,3,shared:266,1.15648141079,1
shared:267,4,shared:301,1.45222519683,1
shared:267,5,shared:228,2.4408280728,1
shared:267,6,shared:271,2.47330694855,1
shared:267,7,shared:263,2.59098565622,1
shared:267,8,shared:220,2.61900666049,1
shared:268,1,shared:259,3.36191831901,1
shared:268,2,shared:260,4.11413906782,1
shared:268,3,shared:238,5.09902078784,1
shared:268,4,shared:225,5.88188209115,1
shared:268,5,shared:239,5.9642475053,1
shared:268,6,shared:224,6.10091402343,1
shared:268,7,shared:222,6.13912380662,1
shared:268,8,shared:258,6.60930369657,1
shared:269,1,shared:039,3.44960288434,1
shared:269,2,shared:038,3.46046789361,1
shared:269,3,shared:168,4.13062125216,1
shared:269,4,shared:273,4.45088597609,1
shared:269,5,curated:006,4.77319567086,1
shared:269,6,shared:226,4.96866833033,1
shared:269,7,shared:113,5.09103461512,1
shared:269,8,curated:007,5.09488485396,1
shared:271,1,shared:172,1.88796242918,1
shared:271,2,shared:103,2.05046462588,1
shared:271,3,shared:266,2.06446470882,1
shared:271,4,shared:089,2.0858178481,1
shared:271,5,shared:088,2.11097941001,1
shared:271,6,shared:075,2.11230988488,1
shared:271,7,shared:081,2.16448761565,1
shared:271,8,shared:155,2.23893822005,1
shared:273,1,curated:006,2.4037556717,1
shared:273,2,curated:007,2.58465342018,1
shared:273,3,curated:005,2.98937394327,1
shared:273,4,shared:039,3.1188891446,1
shared:273,5,shared:040,3.16010707117,1
shared:273,6,shared:168,3.25467176388,1
shared:273,7,shared:038,3.267573107,1
shared:273,8,shared:226,3.28442314751,1
shared:274,1,curated:001,1.22474392121,1
shared:274,2,curated:008,1.23031920431,1
shared:274,3,core:toxic-goo,1.8267888193,1
shared:274,4,shared:124,1.99788842139,1
shared:274,5,shared:060,2.25084408053,1
shared:274,6,shared:249,2.41222874832,1
shared:274,7,shared:241,2.4166741664,1
shared:274,8,shared:250,2.45373580932,1
shared:275,1,curated:002,2.71263906791,1
shared:275,2,shared:284,2.97353411587,1
shared:275,3,core:fire,3.08204358673,1
shared:275,4,shared:232,3.10879925279,1
shared:275,5,shared:112,3.33527680156,1
shared:275,6,shared:283,3.35130172878,1
shared:275,7,shared:288,3.36760022698,1
shared:275,8,shared:106,3.37179716092,1
shared:276,1,shared:278,0.403087617978,1
shared:276,2,shared:281,2.47914923066,1
shared:276,3,curated:012,3.12020625348,1
shared:276,4,curated:029,3.20818473555,1
shared:276,5,shared:302,3.7777545172,1
shared:276,6,shared:280,3.79579546774,1
shared:276,7,shared:135,4.21497459528,1
shared:276,8,shared:080,4.28108110103,1
shared:278,1,shared:276,0.403087617978,1
shared:278,2,shared:281,2.29889553269,1
shared:278,3,curated:012,3.16279525388,1
shared:278,4,curated:029,3.2622186553,1
shared:278,5,shared:302,3.70732672367,1
shared:278,6,shared:280,3.9458517401,1
shared:278,7,shared:135,4.01426841157,1
shared:278,8,shared:080,4.15504807101,1
shared:279,1,curated:028,0.0275264885308,1
shared:279,2,shared:280,1.54012787559,1
shared:279,3,curated:012,3.1173113229,1
shared:279,4,curated:029,3.20725452788,1
shared:279,5,shared:276,4.77923045533,1
shared:279,6,shared:281,4.96001715766,1
shared:279,7,shared:278,4.98233585148,1
shared:279,8,shared:302,5.68807292275,1
shared:280,1,shared:279,1.54012787559,1
shared:280,2,curated:028,1.56155007699,1
shared:280,3,curated:012,2.10710910211,1
shared:280,4,curated:029,2.34339977953,1
shared:280,5,shared:281,3.74319342269,1
shared:280,6,shared:276,3.79579546774,1
shared:280,7,shared:278,3.9458517401,1
shared:280,8,shared:302,4.7163398002,1
shared:281,1,shared:278,2.29889553269,1
shared:281,2,shared:276,2.47914923066,1
shared:281,3,curated:012,2.68304735108,1
shared:281,4,curated:029,3.04420806815,1
shared:281,5,shared:080,3.41214339161,1
shared:281,6,shared:175,3.43567086822,1
shared:281,7,shared:302,3.53825880856,1
shared:281,8,shared:296,3.59981549773,1
shared:282,1,curated:002,4.92733888522,1
shared:282,2,shared:283,5.1231276426,1
shared:282,3,core:fire,5.28084873439,1
shared:282,4,shared:284,5.35960104371,1
shared:282,5,shared:099,5.4540903722,1
shared:282,6,shared:275,5.53541777377,1
shared:282,7,shared:110,5.56830318087,1
shared:282,8,shared:098,5.67102238491,1
shared:283,1,shared:284,1.12390445805,1
shared:283,2,core:fire,2.93233162035,1
shared:283,3,shared:119,3.07356476063,1
shared:283,4,curated:002,3.17047259349,1
shared:283,5,shared:285,3.20964030994,1
shared:283,6,curated:004,3.3440126493,1
shared:283,7,core:cross-fractal,3.34401549091,1
shared:283,8,shared:275,3.35130172878,1
shared:284,1,shared:283,1.12390445805,1
shared:284,2,shared:119,2.40322688479,1
shared:284,3,core:fire,2.40755395269,1
shared:284,4,shared:227,2.62622806247,1
shared:284,5,curated:002,2.64231544902,1
shared:284,6,shared:248,2.69807958982,1
shared:284,7,shared:244,2.70172969779,1
shared:284,8,shared:232,2.70466519062,1
shared:285,1,shared:227,2.12417252027,1
shared:285,2,shared:197,2.40411195184,1
shared:285,3,shared:040,2.47803416291,1
shared:285,4,shared:104,2.55132778243,1
shared:285,5,shared:156,2.59497134848,1
shared:285,6,shared:241,2.60110417795,1
shared:285,7,shared:293,2.6088347035,1
shared:285,8,shared:144,2.62348262823,1
shared:286,1,shared:066,1.79417633353,1
shared:286,2,shared:240,2.10512952075,1
shared:286,3,shared:232,2.11562640432,1
shared:286,4,shared:228,2.13441078194,1
shared:286,5,shared:266,2.15927557653,1
shared:286,6,shared:064,2.22116143691,1
shared:286,7,shared:155,2.23610932253,1
shared:286,8,shared:156,2.26083233594,1
shared:287,1,shared:303,0.0070782757942,1
shared:287,2,shared:304,0.640034993705,1
shared:287,3,shared:305,0.791060545873,1
shared:287,4,shared:248,1.34807476234,1
shared:287,5,shared:244,1.35075059492,1
shared:287,6,shared:243,1.41026157771,1
shared:287,7,shared:218,1.44675129174,1
shared:287,8,shared:195,1.44836603402,1
shared:288,1,shared:304,1.56947484865,1
shared:288,2,shared:303,1.60118409004,1
shared:288,3,shared:287,1.60138503672,1
shared:288,4,shared:305,1.60216012337,1
shared:288,5,shared:295,1.78848811628,1
shared:288,6,shared:248,1.85799357681,1
shared:288,7,shared:244,1.85963678817,1
shared:288,8,shared:243,1.87438936565,1
shared:289,1,shared:290,0.0883054767781,1
shared:289,2,shared:291,0.100403715149,1
shared:289,3,shared:292,0.201297527197,1
shared:289,4,shared:218,1.58894477239,1
shared:289,5,shared:248,1.60872925787,1
shared:289,6,shared:244,1.60896134924,1
shared:289,7,shared:195,1.64170495295,1
shared:289,8,shared:293,1.71406932753,1
shared:290,1,shared:291,0.041329198449,1
shared:290,2,shared:289,0.0883054767781,1
shared:290,3,shared:292,0.184698511346,1
shared:290,4,shared:218,1.58278592468,1
shared:290,5,shared:248,1.61647432999,1
shared:290,6,shared:244,1.61717291455,1
shared:290,7,shared:195,1.63689749713,1
shared:290,8,shared:293,1.70934268855,1
shared:291,1,shared:290,0.041329198449,1
shared:291,2,shared:289,0.100403715149,1
shared:291,3,shared:292,0.1830700626,1
shared:291,4,shared:218,1.57536787105,1
shared:291,5,shared:248,1.61601317728,1
shared:291,6,shared:244,1.61675795805,1
shared:291,7,shared:195,1.62908780602,1
shared:291,8,shared:293,1.70818073153,1
shared:292,1,shared:291,0.1830700626,1
shared:292,2,shared:290,0.184698511346,1
shared:292,3,shared:289,0.201297527197,1
shared:292,4,shared:218,1.52891855683,1
shared:292,5,shared:248,1.56430087478,1
shared:292,6,shared:244,1.56445271491,1
shared:292,7,shared:195,1.58762098854,1
shared:292,8,shared:194,1.65929625024,1
shared:293,1,shared:291,1.70818073153,1
shared:293,2,shared:290,1.70934268855,1
shared:293,3,shared:292,1.71250046272,1
shared:293,4,shared:289,1.71406932753,1
shared:293,5,shared:218,2.14792428198,1
shared:293,6,shared:303,2.15542791117,1
shared:293,7,shared:287,2.15700086379,1
shared:293,8,shared:195,2.18113399397,1
shared:294,1,shared:295,1.35398883261,1
shared:294,2,shared:218,1.86758074873,1
shared:294,3,shared:195,1.88499579331,1
shared:294,4,shared:292,1.91110201571,1
shared:294,5,shared:304,1.92363418047,1
shared:294,6,shared:291,1.93912270421,1
shared:294,7,shared:290,1.95485765476,1
shared:294,8,shared:305,1.95531011939,1
shared:295,1,shared:294,1.35398883261,1
shared:295,2,shared:195,1.50456452726,1
shared:295,3,shared:218,1.54437621925,1
shared:295,4,shared:305,1.62481153858,1
shared:295,5,shared:193,1.64972112419,1
shared:295,6,shared:304,1.65581575264,1
shared:295,7,shared:209,1.65874990027,1
shared:295,8,shared:194,1.66695498112,1
shared:296,1,shared:263,2.3951508291,1
shared:296,2,shared:292,2.68523433121,1
shared:296,3,shared:288,2.70736417743,1
shared:296,4,shared:295,2.72289732934,1
shared:296,5,shared:103,2.7531434226,1
shared:296,6,shared:305,2.75540590074,1
shared:296,7,shared:088,2.77491305339,1
shared:296,8,shared:075,2.77673450099,1
shared:297,1,shared:160,0.678532227126,1
shared:297,2,shared:161,0.750513288489,1
shared:297,3,shared:263,1.78904719842,1
shared:297,4,shared:211,2.62122127895,1
shared:297,5,shared:271,2.6246570035,1
shared:297,6,shared:209,2.63082064028,1
shared:297,7,shared:218,2.65056224132,1
shared:297,8,shared:193,2.71322739354,1
shared:298,1,shared:251,2.17335409364,1
shared:298,2,shared:242,2.39460962967,1
shared:298,3,shared:248,2.40939099049,1
shared:298,4,shared:244,2.41163305609,1
shared:298,5,shared:288,2.42740197291,1
shared:298,6,shared:243,2.42791752319,1
shared:298,7,shared:237,2.4292910897,1
shared:298,8,shared:235,2.4444966904,1
shared:299,1,shared:300,0.148057563113,1
shared:299,2,shared:267,0.177354389621,1
shared:299,3,shared:266,1.12169223311,1
shared:299,4,shared:301,1.39217593454,1
shared:299,5,shared:228,2.3950013043,1
shared:299,6,shared:271,2.4274552847,1
shared:299,7,shared:263,2.50644838869,1
shared:299,8,shared:220,2.54943340304,1
shared:300,1,shared:299,0.148057563113,1
shared:300,2,shared:267,0.278536683585,1
shared:300,3,shared:266,1.07450948014,1
shared:300,4,shared:301,1.3843881862,1
shared:300,5,shared:228,2.35708591295,1
shared:300,6,shared:271,2.35810048014,1
shared:300,7,shared:220,2.46748286358,1
shared:300,8,shared:263,2.48338404678,1
shared:301,1,shared:300,1.3843881862,1
shared:301,2,shared:299,1.39217593454,1
shared:301,3,shared:266,1.44871878434,1
shared:301,4,shared:267,1.45222519683,1
shared:301,5,shared:256,2.41262832328,1
shared:301,6,shared:271,2.43898427626,1
shared:301,7,shared:221,2.46694869609,1
shared:301,8,shared:103,2.48310702108,1
shared:302,1,shared:281,3.53825880856,1
shared:302,2,shared:278,3.70732672367,1
shared:302,3,shared:276,3.7777545172,1
shared:302,4,shared:216,4.000872928,1
shared:302,5,shared:215,4.03687453182,1
shared:302,6,shared:297,4.04936616607,1
shared:302,7,shared:160,4.05565076327,1
shared:302,8,shared:264,4.05849907406,1
shared:303,1,shared:287,0.0070782757942,1
shared:303,2,shared:304,0.642077153834,1
shared:303,3,shared:305,0.793233110457,1
shared:303,4,shared:248,1.35352776933,1
shared:303,5,shared:244,1.35621423142,1
shared:303,6,shared:243,1.41551155632,1
shared:303,7,shared:218,1.44595342609,1
shared:303,8,shared:195,1.44767962535,1
shared:304,1,shared:305,0.238431663604,1
shared:304,2,shared:287,0.640034993705,1
shared:304,3,shared:303,0.642077153834,1
shared:304,4,shared:218,1.3627280696,1
shared:304,5,shared:194,1.39598003904,1
shared:304,6,shared:209,1.40261642755,1
shared:304,7,shared:195,1.40546546881,1
shared:304,8,shared:193,1.4134628765,1
shared:305,1,shared:304,0.238431663604,1
shared:305,2,shared:287,0.791060545873,1
shared:305,3,shared:303,0.793233110457,1
shared:305,4,core:cells,1.34918884442,1
shared:305,5,shared:218,1.3643306508,1
shared:305,6,shared:195,1.3672168776,1
shared:305,7,shared:193,1.38674052223,1
shared:305,8,shared:209,1.3926121092,1
shared:306,1,shared:090,0.00235167201749,1
shared:306,2,shared:091,1.28063457917,1
shared:306,3,shared:134,1.29265409975,1
shared:306,4,shared:092,1.69164420986,1
shared:306,5,shared:089,1.75027057771,1
shared:306,6,shared:214,2.08786331521,1
shared:306,7,shared:192,2.24362693641,1
shared:306,8,shared:155,2.25956326242,1
shared:307,1,shared:105,2.52141527816,1
shared:307,2,shared:036,2.81432081257,1
shared:307,3,shared:135,3.00595313911,1
shared:307,4,shared:288,3.54890734823,1
shared:307,5,shared:296,3.83299335764,1
shared:307,6,shared:281,3.97001949733,1
shared:307,7,shared:175,4.07145727656,1
shared:307,8,shared:305,4.15572423287,1
shared:308,1,shared:206,0.0601433748217,1
shared:308,2,shared:185,1.99327736051,1
shared:308,3,shared:090,2.64668485644,1
shared:308,4,shared:306,2.6469018707,1
shared:308,5,shared:091,2.91017946194,1
shared:308,6,shared:134,2.92406498226,1
shared:308,7,shared:092,2.95627161581,1
shared:308,8,shared:164,3.01956663031,1
shared:309,1,shared:262,5.25352522923,1
shared:309,2,shared:253,5.58757250413,1
shared:309,3,shared:124,5.70234415779,1
shared:309,4,core:toxic-goo,5.73171634461,1
shared:309,5,curated:008,5.848038352,1
shared:309,6,curated:001,5.84887934006,1
shared:309,7,shared:274,5.99530344552,1
shared:309,8,shared:060,6.02667708442,1
